timestamp,open,high,low,close,volume
2019-04-01 00:00:00,7432.141,7448.94,7431.63,7440.44,8.562
2019-04-01 00:30:00,7440.84,7443.641,7438.83,7441.64,4.4063
2019-04-01 01:00:00,7441.64,7445.34,7439.93,7442.93,5.1825
2019-04-01 01:30:00,7443.041,7452.041,7441.531,7447.64,6.8608
2019-04-01 02:00:00,7447.64,7460.041,7444.441,7458.341,4.8133
2019-04-01 02:30:00,7458.341,7463.141,7457.63,7459.831,4.8465
2019-04-01 03:00:00,7459.831,7460.941,7457.63,7457.941,3.3352
2019-04-01 03:30:00,7457.941,7458.531,7455.64,7457.441,2.9317
2019-04-01 04:00:00,7457.531,7457.531,7450.14,7450.641,2.5755
2019-04-01 04:30:00,7450.641,7453.44,7449.94,7451.131,2.262
2019-04-01 05:00:00,7451.131,7454.641,7450.031,7453.63,4.1025
2019-04-01 05:30:00,7453.63,7454.431,7450.03,7452.84,3.4275
2019-04-01 06:00:00,7452.93,7454.14,7445.931,7447.141,4.953
2019-04-01 06:30:00,7447.331,7452.53,7446.631,7449.941,4.2997
2019-04-01 07:00:00,7449.941,7453.03,7445.93,7450.131,8.4675
2019-04-01 07:30:00,7450.131,7460.44,7448.93,7460.43,6.6518
2019-04-01 08:00:00,7460.43,7460.641,7452.431,7458.841,5.6273
2019-04-01 08:30:00,7458.841,7463.931,7456.63,7458.53,6.2588
2019-04-01 09:00:00,7458.43,7460.44,7449.63,7450.141,6.4253
2019-04-01 09:30:00,7450.141,7451.63,7446.43,7447.93,4.5037
2019-04-01 10:00:00,7447.63,7451.441,7441.94,7443.63,5.2785
2019-04-01 10:30:00,7443.541,7447.131,7442.03,7443.131,4.9905
2019-04-01 11:00:00,7443.031,7449.93,7442.13,7446.631,5.5433
2019-04-01 11:30:00,7446.53,7448.14,7442.431,7447.43,4.9125
2019-04-01 12:00:00,7448.13,7453.141,7446.53,7451.331,4.524
2019-04-01 12:30:00,7451.331,7451.641,7437.34,7442.431,6.6255
2019-04-01 13:00:00,7442.831,7451.641,7441.63,7448.141,5.4443
2019-04-01 13:30:00,7448.141,7458.341,7431.13,7437.83,22.194
2019-04-01 14:00:00,7438.04,7451.93,7420.631,7433.33,20.0595
2019-04-01 14:30:00,7433.33,7442.14,7427.631,7440.431,14.3295
2019-04-01 15:00:00,7441.131,7460.441,7438.63,7457.031,11.7248
2019-04-01 15:30:00,7457.031,7457.041,7448.43,7452.141,10.5345
2019-04-01 16:00:00,7452.141,7454.14,7442.93,7452.83,9.483
2019-04-01 16:30:00,7452.83,7467.641,7452.131,7467.44,8.0835
2019-04-01 17:00:00,7467.44,7470.44,7458.93,7464.93,8.3498
2019-04-01 17:30:00,7464.93,7474.141,7462.44,7473.33,7.809
2019-04-01 18:00:00,7473.33,7475.63,7469.13,7469.33,8.4307
2019-04-01 18:30:00,7469.33,7477.631,7469.33,7475.631,7.3635
2019-04-01 19:00:00,7475.431,7475.64,7466.43,7474.941,8.4217
2019-04-01 19:30:00,7475.031,7482.941,7469.941,7477.14,9.252
2019-04-01 20:00:00,7477.14,7477.34,7464.431,7474.431,3.7043
2019-04-01 22:00:00,7470.641,7474.641,7467.931,7471.241,1.6485
2019-04-01 22:30:00,7471.13,7472.731,7469.23,7472.731,1.8443
2019-04-01 23:00:00,7472.731,7474.93,7469.93,7471.73,1.2473
2019-04-01 23:30:00,7471.73,7482.741,7471.131,7481.841,3.1515
2019-04-02 00:00:00,7481.64,7482.44,7474.931,7478.44,5.0722
2019-04-02 00:30:00,7478.44,7480.94,7475.241,7475.33,3.2745
2019-04-02 01:00:00,7475.33,7478.141,7472.93,7474.94,3.891
2019-04-02 01:30:00,7474.94,7475.941,7469.43,7472.63,5.5718
2019-04-02 02:00:00,7472.63,7473.73,7467.23,7469.241,3.8588
2019-04-02 02:30:00,7469.241,7470.23,7464.23,7466.441,3.7417
2019-04-02 03:00:00,7466.441,7470.73,7466.431,7468.44,2.5365
2019-04-02 03:30:00,7468.44,7470.24,7460.44,7464.431,4.0267
2019-04-02 04:00:00,7464.431,7466.241,7462.231,7464.431,2.4285
2019-04-02 04:30:00,7464.431,7464.63,7461.931,7464.131,1.4963
2019-04-02 05:00:00,7464.131,7466.441,7462.331,7466.44,2.5635
2019-04-02 05:30:00,7466.44,7468.23,7463.44,7464.63,2.8425
2019-04-02 06:00:00,7464.44,7467.74,7462.93,7466.641,3.7665
2019-04-02 06:30:00,7466.731,7468.24,7464.44,7466.841,3.015
2019-04-02 07:00:00,7466.841,7469.44,7462.44,7464.141,7.4002
2019-04-02 07:30:00,7464.141,7467.941,7461.931,7466.23,5.2762
2019-04-02 08:00:00,7466.23,7471.241,7465.431,7469.941,4.7895
2019-04-02 08:30:00,7469.941,7471.33,7466.43,7468.741,5.31
2019-04-02 09:00:00,7468.741,7472.241,7466.93,7471.44,5.1
2019-04-02 09:30:00,7471.44,7473.141,7469.93,7472.84,4.2892
2019-04-02 10:00:00,7472.93,7476.731,7470.73,7474.841,3.627
2019-04-02 10:30:00,7475.141,7477.231,7472.931,7475.64,4.9335
2019-04-02 11:00:00,7475.441,7480.241,7474.341,7476.93,4.824
2019-04-02 11:30:00,7476.93,7482.241,7476.93,7481.34,2.985
2019-04-02 12:00:00,7481.34,7488.441,7481.34,7482.93,3.0907
2019-04-02 12:30:00,7482.93,7484.941,7479.931,7482.63,3.7193
2019-04-02 13:00:00,7482.43,7482.741,7476.141,7480.73,4.0305
2019-04-02 13:30:00,7480.73,7484.24,7464.43,7469.241,19.2143
2019-04-02 14:00:00,7469.431,7490.631,7462.23,7490.341,14.0542
2019-04-02 14:30:00,7490.54,7492.84,7481.84,7488.33,11.8215
2019-04-02 15:00:00,7488.64,7491.14,7467.331,7483.631,13.1227
2019-04-02 15:30:00,7483.83,7489.34,7478.13,7486.73,10.2015
2019-04-02 16:00:00,7486.831,7491.341,7478.63,7482.631,7.8712
2019-04-02 16:30:00,7482.631,7489.14,7482.34,7486.63,7.8585
2019-04-02 17:00:00,7487.031,7493.84,7481.83,7492.34,7.6432
2019-04-02 17:30:00,7492.34,7495.141,7491.13,7493.33,6.0893
2019-04-02 18:00:00,7493.33,7495.84,7489.64,7494.331,6.327
2019-04-02 18:30:00,7494.331,7499.83,7493.63,7499.63,5.328
2019-04-02 19:00:00,7499.63,7505.631,7499.131,7504.13,2.8847
2019-04-02 19:30:00,7504.031,7508.13,7500.33,7500.84,2.5007
2019-04-02 20:00:00,7501.34,7502.14,7491.841,7494.641,1.9611
2019-04-02 22:00:00,7494.041,7498.241,7492.741,7496.74,1.185
2019-04-02 22:30:00,7496.74,7498.34,7495.83,7496.63,1.062
2019-04-02 23:00:00,7496.63,7497.141,7491.731,7492.641,1.8637
2019-04-02 23:30:00,7492.641,7497.841,7492.231,7494.341,1.7963
2019-04-03 00:00:00,7494.24,7496.241,7489.83,7494.83,4.1137
2019-04-03 00:30:00,7494.83,7531.34,7494.83,7526.231,8.2395
2019-04-03 01:00:00,7526.131,7528.341,7514.33,7521.24,6.9548
2019-04-03 01:30:00,7521.24,7544.641,7519.13,7535.64,8.6347
2019-04-03 02:00:00,7535.64,7539.341,7532.841,7539.331,5.517
2019-04-03 02:30:00,7539.531,7544.141,7537.14,7540.331,3.7718
2019-04-03 03:00:00,7540.331,7540.84,7534.641,7537.63,3.39
2019-04-03 03:30:00,7537.531,7538.141,7534.84,7536.63,2.424
2019-04-03 04:00:00,7536.63,7537.731,7535.331,7535.54,1.3245
2019-04-03 04:30:00,7535.54,7541.141,7535.03,7538.83,2.0782
2019-04-03 05:00:00,7538.741,7541.341,7535.23,7536.63,3.7117
2019-04-03 05:30:00,7536.63,7541.34,7535.631,7539.831,3.354
2019-04-03 06:00:00,7539.831,7543.741,7537.73,7542.331,5.1832
2019-04-03 06:30:00,7542.331,7543.831,7540.13,7541.741,3.5167
2019-04-03 07:00:00,7541.741,7544.04,7538.24,7542.34,7.7752
2019-04-03 07:30:00,7542.34,7549.64,7542.13,7545.631,7.704
2019-04-03 08:00:00,7545.631,7553.33,7544.13,7544.631,6.2528
2019-04-03 08:30:00,7544.33,7548.14,7543.331,7545.231,5.421
2019-04-03 09:00:00,7545.231,7547.631,7541.641,7544.83,4.7272
2019-04-03 09:30:00,7545.54,7545.63,7539.83,7540.14,3.6457
2019-04-03 10:00:00,7540.14,7540.64,7535.63,7537.13,4.4572
2019-04-03 10:30:00,7537.13,7540.33,7535.74,7536.331,3.4582
2019-04-03 11:00:00,7536.331,7544.331,7535.14,7544.24,4.0545
2019-04-03 11:30:00,7544.24,7546.03,7541.33,7543.23,3.5115
2019-04-03 12:00:00,7543.341,7552.14,7538.531,7541.341,5.4675
2019-04-03 12:30:00,7541.24,7549.131,7540.63,7543.831,5.5095
2019-04-03 13:00:00,7543.741,7549.34,7541.141,7543.34,4.5428
2019-04-03 13:30:00,7543.34,7547.841,7530.33,7542.231,17.4506
2019-04-03 14:00:00,7542.231,7557.831,7529.23,7555.131,15.213
2019-04-03 14:30:00,7554.341,7569.34,7552.831,7568.83,9.1831
2019-04-03 15:00:00,7568.83,7585.041,7568.83,7579.03,9.5459
2019-04-03 15:30:00,7578.831,7590.431,7578.44,7585.741,8.1698
2019-04-03 16:00:00,7585.741,7590.94,7581.73,7581.731,7.2937
2019-04-03 16:30:00,7581.731,7582.13,7571.43,7573.941,7.0725
2019-04-03 17:00:00,7573.84,7577.44,7564.73,7570.44,9.1732
2019-04-03 17:30:00,7570.44,7570.931,7536.93,7539.431,9.4637
2019-04-03 18:00:00,7539.431,7550.741,7532.241,7549.431,10.278
2019-04-03 18:30:00,7549.63,7549.731,7535.24,7539.431,9.594
2019-04-03 19:00:00,7539.23,7545.741,7520.431,7534.94,12.2468
2019-04-03 19:30:00,7535.13,7548.741,7531.23,7543.94,13.3192
2019-04-03 20:00:00,7544.74,7557.941,7543.231,7557.33,2.8478
2019-04-03 22:00:00,7558.641,7559.44,7553.43,7554.94,1.8487
2019-04-03 22:30:00,7555.04,7556.14,7550.431,7552.441,1.2413
2019-04-03 23:00:00,7552.441,7557.43,7548.93,7553.931,1.9935
2019-04-03 23:30:00,7553.931,7555.64,7551.641,7552.431,2.1637
2019-04-04 00:00:00,7552.431,7558.531,7546.93,7554.14,5.7765
2019-04-04 00:30:00,7554.031,7560.84,7553.431,7558.031,3.456
2019-04-04 01:00:00,7558.031,7563.141,7555.63,7560.14,4.4017
2019-04-04 01:30:00,7560.14,7568.441,7559.131,7566.641,5.9333
2019-04-04 02:00:00,7566.641,7566.941,7563.641,7564.141,1.7439
2019-04-04 02:30:00,7564.341,7566.641,7557.93,7558.43,1.4631
2019-04-04 03:00:00,7558.341,7558.94,7542.94,7549.83,1.7563
2019-04-04 03:30:00,7549.64,7551.44,7544.941,7549.141,0.9586
2019-04-04 04:00:00,7549.33,7552.63,7548.13,7548.43,0.7329
2019-04-04 04:30:00,7548.43,7549.13,7543.431,7547.64,0.7404
2019-04-04 05:00:00,7547.44,7549.641,7544.931,7549.041,1.0814
2019-04-04 05:30:00,7549.041,7549.44,7542.44,7546.631,0.9649
2019-04-04 06:00:00,7546.54,7547.131,7539.43,7541.03,1.7346
2019-04-04 06:30:00,7540.94,7543.141,7536.931,7541.94,1.7019
2019-04-04 07:00:00,7541.64,7546.03,7538.63,7543.44,2.8054
2019-04-04 07:30:00,7543.63,7547.44,7541.83,7545.03,2.003
2019-04-04 08:00:00,7545.03,7545.83,7539.631,7541.94,1.7249
2019-04-04 08:30:00,7541.641,7545.93,7532.93,7539.83,1.8079
2019-04-04 09:00:00,7539.641,7543.94,7539.131,7541.54,1.3046
2019-04-04 09:30:00,7541.43,7549.441,7538.93,7548.64,1.6251
2019-04-04 10:00:00,7548.53,7554.84,7547.43,7548.441,1.5473
2019-04-04 10:30:00,7548.441,7555.63,7548.441,7552.63,1.482
2019-04-04 11:00:00,7552.63,7553.441,7544.93,7546.041,1.3998
2019-04-04 11:30:00,7546.041,7550.341,7538.63,7539.63,1.3348
2019-04-04 12:00:00,7539.63,7545.44,7537.44,7543.53,1.7172
2019-04-04 12:30:00,7543.33,7548.941,7543.13,7545.44,1.5785
2019-04-04 13:00:00,7545.13,7549.43,7540.631,7543.44,1.7552
2019-04-04 13:30:00,7543.44,7571.14,7540.63,7564.44,10.3679
2019-04-04 14:00:00,7564.44,7567.94,7526.13,7528.13,4.1723
2019-04-04 14:30:00,7527.93,7547.931,7511.631,7538.94,4.5991
2019-04-04 15:00:00,7539.04,7541.441,7513.13,7525.64,4.489
2019-04-04 15:30:00,7525.53,7538.941,7520.43,7522.94,4.0953
2019-04-04 16:00:00,7522.841,7530.94,7508.63,7515.44,4.2439
2019-04-04 16:30:00,7515.33,7517.64,7496.431,7514.93,4.5124
2019-04-04 17:00:00,7514.841,7526.14,7512.63,7520.931,3.5158
2019-04-04 17:30:00,7520.931,7525.941,7517.43,7522.13,2.881
2019-04-04 18:00:00,7522.34,7537.64,7518.83,7534.63,2.7841
2019-04-04 18:30:00,7534.44,7546.14,7533.63,7545.63,2.1339
2019-04-04 19:00:00,7545.441,7546.641,7530.03,7532.031,2.6478
2019-04-04 19:30:00,7533.831,7543.831,7530.94,7540.04,2.9576
2019-04-04 20:00:00,7540.041,7543.04,7534.33,7536.331,0.8429
2019-04-04 22:00:00,7538.741,7539.841,7532.531,7537.831,0.7802
2019-04-04 22:30:00,7537.831,7538.24,7533.33,7533.73,0.3722
2019-04-04 23:00:00,7533.73,7535.74,7532.04,7532.74,0.5003
2019-04-04 23:30:00,7532.74,7537.84,7531.73,7532.431,0.6616
2019-04-05 00:00:00,7532.34,7555.331,7531.54,7550.531,3.4383
2019-04-05 00:30:00,7550.43,7553.841,7547.83,7548.84,1.8217
2019-04-05 01:00:00,7548.43,7551.33,7542.431,7542.831,1.4525
2019-04-05 01:30:00,7542.73,7549.841,7542.44,7548.44,1.3034
2019-04-05 02:00:00,7548.331,7549.331,7539.34,7544.04,1.2177
2019-04-05 02:30:00,7544.04,7546.541,7540.53,7545.53,1.1426
2019-04-05 03:00:00,7545.43,7549.03,7543.83,7544.44,0.7729
2019-04-05 03:30:00,7544.44,7549.941,7543.23,7548.73,0.7482
2019-04-05 04:00:00,7548.54,7550.031,7546.74,7549.33,0.4835
2019-04-05 04:30:00,7549.44,7550.84,7547.941,7547.941,0.7049
2019-04-05 05:00:00,7548.03,7551.341,7547.241,7549.441,1.1243
2019-04-05 05:30:00,7549.341,7551.841,7548.83,7551.74,1.3515
2019-04-05 06:00:00,7551.53,7553.84,7549.03,7553.43,3.1267
2019-04-05 06:30:00,7553.33,7554.841,7552.241,7553.841,1.9035
2019-04-05 07:00:00,7553.74,7560.341,7553.23,7559.04,6.1058
2019-04-05 07:30:00,7559.241,7559.841,7553.041,7553.53,4.3942
2019-04-05 08:00:00,7553.33,7561.041,7551.04,7552.33,4.92
2019-04-05 08:30:00,7552.531,7553.941,7550.731,7552.34,3.5182
2019-04-05 09:00:00,7552.03,7553.34,7549.33,7551.44,3.0765
2019-04-05 09:30:00,7551.53,7554.94,7549.94,7552.84,4.0897
2019-04-05 10:00:00,7552.94,7555.041,7549.041,7551.941,3.1627
2019-04-05 10:30:00,7552.031,7554.84,7551.93,7553.74,2.3948
2019-04-05 11:00:00,7553.84,7553.84,7549.74,7551.34,2.5957
2019-04-05 11:30:00,7551.231,7551.54,7543.83,7547.33,3.8288
2019-04-05 12:00:00,7547.53,7551.541,7546.33,7548.23,3.8513
2019-04-05 12:30:00,7548.53,7577.041,7548.53,7564.93,10.2465
2019-04-05 13:00:00,7564.84,7568.841,7561.33,7564.34,5.1083
2019-04-05 13:30:00,7564.231,7573.83,7551.831,7568.53,18.3203
2019-04-05 14:00:00,7568.53,7581.841,7567.53,7570.341,10.7202
2019-04-05 14:30:00,7570.341,7580.84,7563.03,7572.33,4.2069
2019-04-05 15:00:00,7572.33,7577.841,7567.83,7575.34,3.9095
2019-04-05 15:30:00,7575.24,7576.341,7567.041,7572.131,5.4685
2019-04-05 16:00:00,7572.131,7579.841,7570.831,7577.541,7.002
2019-04-05 16:30:00,7577.541,7578.84,7567.73,7572.73,3.3116
2019-04-05 17:00:00,7572.641,7577.64,7571.34,7575.34,1.9736
2019-04-05 17:30:00,7575.241,7578.141,7571.731,7577.631,4.4941
2019-04-05 18:00:00,7577.53,7577.83,7567.64,7569.64,5.7983
2019-04-05 18:30:00,7569.841,7574.631,7567.83,7572.141,4.9987
2019-04-05 19:00:00,7572.031,7580.83,7568.84,7579.33,6.4447
2019-04-05 19:30:00,7579.14,7583.641,7571.631,7579.641,7.3147
2019-04-05 20:00:00,7579.641,7583.541,7578.341,7580.731,2.2095
2019-04-07 22:00:00,7584.641,7588.14,7581.63,7582.741,2.394
2019-04-07 22:30:00,7583.03,7586.131,7582.84,7585.13,1.1513
2019-04-07 23:00:00,7585.13,7587.34,7583.631,7584.34,0.7537
2019-04-07 23:30:00,7584.54,7595.84,7584.54,7589.54,1.866
2019-04-08 00:00:00,7589.54,7589.63,7583.64,7584.73,1.5644
2019-04-08 00:30:00,7584.641,7585.84,7575.83,7579.23,1.4121
2019-04-08 01:00:00,7579.141,7579.531,7573.03,7576.541,1.7245
2019-04-08 01:30:00,7576.241,7580.831,7575.541,7577.34,2.0352
2019-04-08 02:00:00,7577.531,7578.33,7571.53,7571.731,1.813
2019-04-08 02:30:00,7571.731,7575.841,7571.63,7574.23,1.2061
2019-04-08 03:00:00,7574.34,7574.64,7569.341,7569.84,1.2726
2019-04-08 03:30:00,7569.73,7570.23,7564.631,7567.341,3.267
2019-04-08 04:00:00,7567.631,7568.14,7565.13,7566.541,1.4647
2019-04-08 04:30:00,7566.641,7568.841,7565.53,7568.64,1.5555
2019-04-08 05:00:00,7568.131,7569.131,7562.33,7563.141,3.1439
2019-04-08 05:30:00,7563.031,7565.831,7561.83,7565.131,2.564
2019-04-08 06:00:00,7565.131,7569.741,7563.64,7566.831,3.4378
2019-04-08 06:30:00,7566.74,7572.841,7566.74,7569.63,2.3275
2019-04-08 07:00:00,7569.63,7573.541,7564.731,7571.231,5.9958
2019-04-08 07:30:00,7571.631,7571.83,7566.03,7566.331,4.361
2019-04-08 08:00:00,7566.241,7570.34,7565.84,7566.34,4.0675
2019-04-08 08:30:00,7566.24,7570.231,7564.64,7565.83,3.7469
2019-04-08 09:00:00,7566.03,7568.64,7564.531,7567.641,3.1539
2019-04-08 09:30:00,7567.841,7569.63,7565.141,7566.231,3.3033
2019-04-08 10:00:00,7566.231,7575.141,7566.04,7574.231,3.4684
2019-04-08 10:30:00,7574.14,7574.54,7570.341,7574.54,3.2292
2019-04-08 11:00:00,7574.54,7576.241,7571.541,7574.331,3.8849
2019-04-08 11:30:00,7574.23,7577.34,7572.13,7573.841,2.5698
2019-04-08 12:00:00,7573.841,7575.04,7567.141,7567.33,2.5753
2019-04-08 12:30:00,7567.64,7568.641,7560.33,7562.341,3.6247
2019-04-08 13:00:00,7562.13,7569.13,7561.64,7566.541,3.896
2019-04-08 13:30:00,7567.84,7569.54,7536.641,7551.34,15.7798
2019-04-08 14:00:00,7551.341,7562.141,7543.33,7556.13,4.1272
2019-04-08 14:30:00,7556.341,7572.24,7554.041,7565.83,3.9662
2019-04-08 15:00:00,7565.831,7575.64,7563.74,7573.331,3.7793
2019-04-08 15:30:00,7573.13,7581.34,7569.14,7570.14,2.6046
2019-04-08 16:00:00,7570.14,7573.141,7563.13,7569.63,2.5285
2019-04-08 16:30:00,7569.33,7577.14,7566.63,7576.33,2.1381
2019-04-08 17:00:00,7576.531,7583.14,7575.14,7582.84,1.4944
2019-04-08 17:30:00,7582.631,7588.641,7581.33,7587.331,1.599
2019-04-08 18:00:00,7587.331,7591.54,7583.83,7586.64,1.8758
2019-04-08 18:30:00,7586.64,7593.33,7585.83,7591.83,1.2557
2019-04-08 19:00:00,7591.64,7596.841,7591.14,7594.34,1.418
2019-04-08 19:30:00,7594.34,7604.34,7591.24,7600.331,2.1712
2019-04-08 20:00:00,7599.531,7602.14,7598.33,7600.131,0.6
2019-04-08 22:00:00,7602.53,7606.03,7601.14,7602.13,0.313
2019-04-08 22:30:00,7602.131,7604.53,7599.73,7600.53,0.3078
2019-04-08 23:00:00,7600.531,7604.14,7600.23,7603.73,0.3301
2019-04-08 23:30:00,7603.541,7603.93,7600.54,7601.04,0.3668
2019-04-09 00:00:00,7601.04,7609.93,7599.04,7604.93,1.2701
2019-04-09 00:30:00,7604.93,7605.541,7600.03,7600.441,0.8403
2019-04-09 01:00:00,7600.441,7600.74,7592.231,7596.03,1.1512
2019-04-09 01:30:00,7595.941,7597.141,7588.03,7588.53,1.9634
2019-04-09 02:00:00,7588.43,7592.241,7586.93,7591.94,1.0908
2019-04-09 02:30:00,7591.94,7598.14,7591.54,7598.031,0.8999
2019-04-09 03:00:00,7598.24,7599.04,7593.54,7596.43,0.979
2019-04-09 03:30:00,7596.231,7599.041,7595.23,7597.941,0.523
2019-04-09 04:00:00,7597.941,7598.03,7595.73,7596.54,0.333
2019-04-09 04:30:00,7596.44,7598.031,7596.241,7597.63,0.2427
2019-04-09 05:00:00,7597.54,7598.031,7593.93,7595.03,0.6908
2019-04-09 05:30:00,7595.03,7596.541,7593.04,7595.14,0.7479
2019-04-09 06:00:00,7595.14,7595.74,7588.13,7589.731,1.3617
2019-04-09 06:30:00,7589.731,7593.73,7588.64,7592.13,0.8047
2019-04-09 07:00:00,7592.13,7593.54,7588.53,7589.63,2.7507
2019-04-09 07:30:00,7589.531,7592.03,7588.14,7589.041,2.9632
2019-04-09 08:00:00,7588.93,7590.941,7588.131,7590.541,2.5635
2019-04-09 08:30:00,7590.64,7595.541,7588.03,7591.931,4.0928
2019-04-09 09:00:00,7591.74,7593.04,7584.24,7590.431,4.6538
2019-04-09 09:30:00,7590.24,7593.44,7589.73,7591.74,3.315
2019-04-09 10:00:00,7591.74,7592.741,7588.74,7588.94,2.805
2019-04-09 10:30:00,7588.73,7591.041,7587.531,7590.73,2.8042
2019-04-09 11:00:00,7590.931,7593.541,7586.73,7591.741,2.2102
2019-04-09 11:30:00,7591.93,7593.741,7588.731,7589.74,4.041
2019-04-09 12:00:00,7589.54,7592.731,7578.03,7578.74,2.4935
2019-04-09 12:30:00,7578.641,7582.73,7576.03,7580.24,1.5487
2019-04-09 13:00:00,7580.24,7583.741,7569.53,7571.93,1.9418
2019-04-09 13:30:00,7571.531,7585.241,7560.24,7581.74,5.9452
2019-04-09 14:00:00,7581.74,7592.731,7574.24,7591.23,4.2645
2019-04-09 14:30:00,7591.23,7597.94,7572.94,7585.33,3.9508
2019-04-09 15:00:00,7585.33,7594.941,7580.93,7584.131,3.1012
2019-04-09 15:30:00,7584.131,7591.94,7580.13,7586.431,3.3652
2019-04-09 16:00:00,7586.14,7598.14,7584.14,7593.63,2.4473
2019-04-09 16:30:00,7593.141,7596.93,7587.44,7587.631,1.5908
2019-04-09 17:00:00,7587.54,7587.84,7574.631,7575.63,2.3579
2019-04-09 17:30:00,7575.431,7578.641,7567.14,7571.63,2.3159
2019-04-09 18:00:00,7571.631,7573.94,7563.931,7569.53,2.1239
2019-04-09 18:30:00,7569.53,7575.441,7563.63,7570.44,3.0017
2019-04-09 19:00:00,7570.141,7573.14,7564.93,7567.94,2.6468
2019-04-09 19:30:00,7567.94,7578.13,7556.44,7572.64,3.0964
2019-04-09 20:00:00,7572.64,7574.94,7564.03,7570.54,1.2265
2019-04-09 22:00:00,7569.33,7571.04,7566.43,7567.93,0.4264
2019-04-09 22:30:00,7567.931,7568.84,7566.44,7567.83,0.2091
2019-04-09 23:00:00,7567.83,7568.631,7566.14,7567.141,0.2485
2019-04-09 23:30:00,7567.141,7567.34,7562.13,7565.94,0.7428
2019-04-10 00:00:00,7565.94,7573.14,7564.14,7571.93,3.1622
2019-04-10 00:30:00,7571.841,7572.14,7568.531,7570.131,2.373
2019-04-10 01:00:00,7570.441,7572.14,7566.93,7568.63,2.7945
2019-04-10 01:30:00,7568.63,7570.54,7554.431,7563.931,6.0496
2019-04-10 02:00:00,7563.83,7567.441,7561.641,7565.431,3.9503
2019-04-10 02:30:00,7565.34,7571.441,7565.141,7570.13,3.216
2019-04-10 03:00:00,7570.041,7573.131,7567.631,7572.43,2.793
2019-04-10 03:30:00,7572.631,7575.13,7571.64,7572.93,2.0115
2019-04-10 04:00:00,7573.04,7576.431,7571.931,7574.631,1.4242
2019-04-10 04:30:00,7574.83,7575.941,7573.43,7575.041,1.095
2019-04-10 05:00:00,7575.14,7579.83,7574.94,7577.331,2.2852
2019-04-10 05:30:00,7577.14,7578.93,7574.44,7576.641,3
2019-04-10 06:00:00,7576.641,7584.441,7574.83,7582.441,4.137
2019-04-10 06:30:00,7582.441,7582.641,7579.63,7579.63,2.6595
2019-04-10 07:00:00,7579.63,7585.641,7578.631,7584.43,5.3265
2019-04-10 07:30:00,7584.14,7585.641,7582.631,7583.631,3.3277
2019-04-10 08:00:00,7583.84,7584.441,7577.93,7581.44,3.9623
2019-04-10 08:30:00,7581.64,7582.941,7575.93,7576.93,3.6083
2019-04-10 09:00:00,7577.041,7583.43,7576.43,7581.43,3.4882
2019-04-10 09:30:00,7581.531,7584.44,7580.13,7583.94,2.802
2019-04-10 10:00:00,7583.831,7586.331,7581.831,7584.43,2.322
2019-04-10 10:30:00,7584.33,7590.94,7582.441,7587.331,3.0225
2019-04-10 11:00:00,7587.14,7590.64,7586.33,7588.93,2.9332
2019-04-10 11:30:00,7588.841,7590.941,7583.931,7585.031,2.478
2019-04-10 12:00:00,7585.14,7587.631,7577.531,7581.43,3.2572
2019-04-10 12:30:00,7585.131,7591.03,7571.141,7585.63,9.636
2019-04-10 13:00:00,7585.831,7585.941,7578.641,7584.441,5.3917
2019-04-10 13:30:00,7583.641,7593.131,7573.63,7586.83,17.3584
2019-04-10 14:00:00,7586.531,7591.641,7576.63,7580.94,11.6906
2019-04-10 14:30:00,7580.94,7604.431,7578.631,7595.931,9.772
2019-04-10 15:00:00,7596.141,7605.94,7595.941,7599.631,8.8856
2019-04-10 15:30:00,7599.531,7607.64,7597.43,7600.441,6.9576
2019-04-10 16:00:00,7600.141,7602.641,7594.641,7597.441,5.8165
2019-04-10 16:30:00,7597.441,7601.641,7592.43,7593.44,3.5708
2019-04-10 17:00:00,7593.641,7595.941,7588.33,7592.931,4.1449
2019-04-10 17:30:00,7592.631,7601.631,7591.93,7600.44,3.7859
2019-04-10 18:00:00,7600.541,7603.13,7580.14,7585.831,9.8118
2019-04-10 18:30:00,7585.63,7598.93,7580.141,7597.44,7.1489
2019-04-10 19:00:00,7597.541,7613.64,7596.14,7609.941,6.4967
2019-04-10 19:30:00,7610.031,7615.13,7602.84,7613.93,7.2709
2019-04-10 20:00:00,7614.131,7620.931,7613.141,7618.84,2.4774
2019-04-10 22:00:00,7621.04,7625.831,7619.63,7624.33,1.1883
2019-04-10 22:30:00,7624.44,7624.941,7621.341,7622.931,1.089
2019-04-10 23:00:00,7623.04,7624.641,7622.831,7623.841,0.5452
2019-04-10 23:30:00,7623.941,7636.141,7621.531,7630.131,2.812
2019-04-11 00:00:00,7630.34,7631.64,7626.531,7627.33,3.1839
2019-04-11 00:30:00,7627.44,7631.941,7627.131,7628.441,2.6279
2019-04-11 01:00:00,7628.53,7632.43,7628.04,7631.931,2.0775
2019-04-11 01:30:00,7631.84,7638.44,7628.63,7629.941,5.8888
2019-04-11 02:00:00,7630.03,7630.63,7622.541,7623.03,4.2551
2019-04-11 02:30:00,7622.931,7625.94,7621.93,7622.54,3.1188
2019-04-11 03:00:00,7622.441,7622.641,7610.431,7611.03,2.6424
2019-04-11 03:30:00,7611.03,7615.34,7610.43,7614.541,0.8077
2019-04-11 04:00:00,7614.541,7617.14,7614.13,7616.93,0.4756
2019-04-11 04:30:00,7616.93,7619.131,7615.14,7616.84,0.6924
2019-04-11 05:00:00,7616.641,7618.941,7615.43,7618.04,1.0751
2019-04-11 05:30:00,7617.941,7619.94,7613.83,7618.84,1.1323
2019-04-11 06:00:00,7618.84,7620.14,7616.931,7619.44,1.3768
2019-04-11 06:30:00,7619.44,7621.53,7618.43,7619.44,1.0533
2019-04-11 07:00:00,7619.33,7622.141,7614.34,7616.331,2.212
2019-04-11 07:30:00,7616.14,7616.44,7603.13,7605.14,2.1592
2019-04-11 08:00:00,7605.14,7609.83,7602.631,7606.34,2.0009
2019-04-11 08:30:00,7606.34,7615.94,7605.63,7612.931,1.6119
2019-04-11 09:00:00,7612.931,7618.44,7612.141,7616.431,1.4672
2019-04-11 09:30:00,7616.34,7621.841,7615.13,7619.931,1.4917
2019-04-11 10:00:00,7619.641,7625.441,7618.43,7623.44,1.3172
2019-04-11 10:30:00,7623.44,7626.44,7621.93,7626.14,1.4522
2019-04-11 11:00:00,7626.331,7631.941,7625.93,7626.431,1.8633
2019-04-11 11:30:00,7626.541,7628.931,7622.63,7626.131,3.4012
2019-04-11 12:00:00,7626.131,7626.131,7616.43,7620.64,2.5036
2019-04-11 12:30:00,7620.641,7626.44,7616.931,7617.44,4.9716
2019-04-11 13:00:00,7617.631,7625.93,7616.63,7624.631,3.699
2019-04-11 13:30:00,7624.94,7625.13,7591.63,7596.94,15.8078
2019-04-11 14:00:00,7596.631,7605.031,7591.631,7603.14,11.6048
2019-04-11 14:30:00,7603.63,7612.54,7597.131,7610.73,9.7545
2019-04-11 15:00:00,7611.04,7615.041,7603.241,7610.54,8.7435
2019-04-11 15:30:00,7610.441,7610.54,7587.74,7597.531,9.3383
2019-04-11 16:00:00,7597.64,7601.53,7592.74,7596.93,7.2345
2019-04-11 16:30:00,7596.73,7606.24,7595.73,7604.94,6.141
2019-04-11 17:00:00,7605.031,7607.73,7600.531,7601.041,4.9305
2019-04-11 17:30:00,7601.241,7601.74,7586.24,7588.54,5.946
2019-04-11 18:00:00,7588.731,7591.741,7581.341,7581.53,6.405
2019-04-11 18:30:00,7581.53,7588.041,7580.33,7585.04,6.3189
2019-04-11 19:00:00,7584.94,7592.741,7583.031,7583.541,5.5125
2019-04-11 19:30:00,7583.541,7596.841,7583.031,7594.84,7.6117
2019-04-11 20:00:00,7595.241,7596.53,7590.241,7594.73,2.5298
2019-04-11 22:00:00,7595.931,7602.84,7592.24,7599.741,2.151
2019-04-11 22:30:00,7599.84,7600.54,7596.53,7597.831,1.1003
2019-04-11 23:00:00,7597.931,7599.83,7594.04,7599.73,1.0395
2019-04-11 23:30:00,7599.73,7600.041,7591.831,7599.94,1.7438
2019-04-12 00:00:00,7599.94,7600.731,7590.34,7593.84,4.674
2019-04-12 00:30:00,7593.93,7600.33,7592.43,7600.241,4.3545
2019-04-12 01:00:00,7600.34,7605.44,7598.33,7599.931,4.3215
2019-04-12 01:30:00,7600.04,7602.34,7593.73,7598.531,5.3565
2019-04-12 02:00:00,7598.441,7603.74,7597.83,7599.53,4.3065
2019-04-12 02:30:00,7599.43,7601.341,7596.531,7599.831,3.213
2019-04-12 03:00:00,7599.731,7600.541,7596.03,7597.041,2.589
2019-04-12 03:30:00,7597.34,7598.341,7596.03,7597.831,1.2915
2019-04-12 04:00:00,7597.741,7599.34,7596.43,7599.231,0.7965
2019-04-12 04:30:00,7599.231,7601.53,7598.33,7600.841,1.14
2019-04-12 05:00:00,7601.031,7602.83,7600.53,7602.03,1.9215
2019-04-12 05:30:00,7602.231,7602.341,7599.84,7600.831,1.959
2019-04-12 06:00:00,7600.831,7601.84,7597.73,7599.03,2.3925
2019-04-12 06:30:00,7599.231,7602.24,7597.931,7597.931,2.2215
2019-04-12 07:00:00,7597.931,7599.841,7596.531,7598.531,4.098
2019-04-12 07:30:00,7598.431,7606.241,7598.341,7603.54,3.0435
2019-04-12 08:00:00,7603.94,7620.84,7603.74,7616.531,5.2253
2019-04-12 08:30:00,7616.34,7633.33,7616.041,7631.441,5.5028
2019-04-12 09:00:00,7631.54,7632.041,7624.53,7626.341,3.1507
2019-04-12 09:30:00,7626.44,7630.841,7624.33,7624.841,3.2662
2019-04-12 10:00:00,7624.941,7631.54,7624.33,7629.341,3.3368
2019-04-12 10:30:00,7629.43,7630.23,7621.43,7626.731,5.5395
2019-04-12 11:00:00,7626.731,7637.931,7623.33,7631.841,4.6493
2019-04-12 11:30:00,7631.531,7633.041,7626.93,7628.541,3.0675
2019-04-12 12:00:00,7628.541,7644.33,7627.331,7638.341,5.0895
2019-04-12 12:30:00,7638.23,7638.33,7630.83,7632.54,3.8062
2019-04-12 13:00:00,7632.331,7635.04,7625.33,7628.33,3.9908
2019-04-12 13:30:00,7629.34,7631.43,7614.53,7625.341,13.5009
2019-04-12 14:00:00,7625.04,7628.841,7616.03,7626.83,11.7833
2019-04-12 14:30:00,7626.83,7630.541,7608.1,7613.841,9.6144
2019-04-12 15:00:00,7613.841,7614.841,7596.33,7609.34,8.6568
2019-04-12 15:30:00,7609.34,7613.841,7607.03,7612.331,2.4084
2019-04-12 16:00:00,7612.43,7619.34,7608.34,7617.34,1.9426
2019-04-12 16:30:00,7617.23,7619.341,7615.331,7619.041,1.7476
2019-04-12 17:00:00,7618.831,7623.041,7618.03,7619.34,3.5647
2019-04-12 17:30:00,7619.44,7620.53,7613.531,7615.34,4.2165
2019-04-12 18:00:00,7615.241,7626.531,7613.531,7624.841,4.2645
2019-04-12 18:30:00,7624.741,7626.741,7621.43,7621.941,3.666
2019-04-12 19:00:00,7622.031,7624.841,7619.841,7623.84,4.4985
2019-04-12 19:30:00,7624.03,7628.831,7618.841,7627.841,6.4073
2019-04-12 20:00:00,7627.841,7630.83,7626.531,7630.03,2.4337
2019-04-14 22:00:00,7632.431,7635.44,7625.331,7625.94,2.4352
2019-04-14 22:30:00,7625.84,7628.34,7625.73,7626.43,1.1167
2019-04-14 23:00:00,7626.541,7629.541,7626.43,7628.74,1.4617
2019-04-14 23:30:00,7628.541,7629.84,7626.831,7628.73,2.235
2019-04-15 00:00:00,7628.54,7631.84,7625.03,7628.831,4.5863
2019-04-15 00:30:00,7628.831,7629.541,7624.931,7625.841,2.4435
2019-04-15 01:00:00,7625.74,7627.831,7622.03,7627.231,3.1995
2019-04-15 01:30:00,7627.03,7630.541,7626.04,7627.531,5.4487
2019-04-15 02:00:00,7627.741,7630.23,7625.841,7630.23,3.6052
2019-04-15 02:30:00,7630.33,7633.84,7629.53,7632.73,2.9325
2019-04-15 03:00:00,7632.841,7633.23,7628.44,7628.54,2.2868
2019-04-15 03:30:00,7628.341,7628.54,7622.24,7623.83,2.991
2019-04-15 04:00:00,7623.94,7625.341,7622.841,7623.931,1.1715
2019-04-15 04:30:00,7623.84,7625.84,7623.84,7624.34,0.9172
2019-04-15 05:00:00,7624.44,7627.041,7622.83,7627.041,2.418
2019-04-15 05:30:00,7627.341,7627.841,7622.441,7623.541,2.8155
2019-04-15 06:00:00,7623.441,7625.341,7622.53,7624.94,3.5483
2019-04-15 06:30:00,7624.83,7626.04,7621.53,7621.931,2.4285
2019-04-15 07:00:00,7621.831,7624.04,7617.531,7619.031,4.0658
2019-04-15 07:30:00,7619.241,7621.54,7617.23,7620.94,3.1073
2019-04-15 08:00:00,7621.04,7622.541,7619.53,7622.041,2.655
2019-04-15 08:30:00,7621.941,7626.341,7621.041,7625.54,2.4727
2019-04-15 09:00:00,7625.431,7627.531,7624.341,7627.041,2.1765
2019-04-15 09:30:00,7627.33,7632.041,7627.03,7630.83,2.6475
2019-04-15 10:00:00,7630.731,7631.54,7628.03,7629.03,2.4555
2019-04-15 10:30:00,7629.231,7630.741,7626.83,7627.84,1.9687
2019-04-15 11:00:00,7627.54,7629.84,7624.53,7629.73,2.0287
2019-04-15 11:30:00,7629.84,7630.841,7625.431,7628.831,2.6302
2019-04-15 12:00:00,7628.541,7629.04,7625.33,7626.341,2.244
2019-04-15 12:30:00,7626.24,7629.041,7624.83,7626.54,2.952
2019-04-15 13:00:00,7626.431,7632.541,7626.33,7628.041,2.814
2019-04-15 13:30:00,7627.831,7636.84,7617.531,7621.83,12.9975
2019-04-15 14:00:00,7621.531,7622.041,7592.64,7592.94,8.5897
2019-04-15 14:30:00,7592.631,7593.74,7577.44,7592.93,8.748
2019-04-15 15:00:00,7593.44,7607.43,7590.94,7605.73,4.7171
2019-04-15 15:30:00,7604.94,7605.741,7595.24,7602.431,5.4694
2019-04-15 16:00:00,7602.63,7603.94,7591.43,7599.43,6.7852
2019-04-15 16:30:00,7599.641,7605.24,7598.331,7602.231,4.71
2019-04-15 17:00:00,7602.441,7613.741,7601.93,7610.94,5.025
2019-04-15 17:30:00,7610.731,7617.131,7609.93,7614.73,2.1279
2019-04-15 18:00:00,7614.93,7622.94,7613.43,7621.93,3.5131
2019-04-15 18:30:00,7622.13,7629.441,7622.13,7628.94,4.866
2019-04-15 19:00:00,7629.14,7637.43,7628.631,7632.74,2.0443
2019-04-15 19:30:00,7632.43,7632.941,7623.43,7629.84,1.9457
2019-04-15 20:00:00,7629.93,7631.14,7624.13,7626.64,0.607
2019-04-15 22:00:00,7630.54,7634.94,7630.13,7632.84,0.5184
2019-04-15 22:30:00,7632.841,7633.44,7629.13,7630.44,0.2541
2019-04-15 23:00:00,7630.34,7631.34,7629.44,7630.43,0.2
2019-04-15 23:30:00,7630.43,7630.94,7628.53,7629.64,0.4703
2019-04-16 00:00:00,7629.44,7642.841,7629.14,7637.641,1.6142
2019-04-16 00:30:00,7637.54,7638.44,7634.831,7637.53,1.0238
2019-04-16 01:00:00,7637.53,7639.641,7635.53,7637.941,1.1523
2019-04-16 01:30:00,7637.941,7639.931,7632.63,7635.63,1.9115
2019-04-16 02:00:00,7635.541,7636.041,7630.93,7636.041,1.278
2019-04-16 02:30:00,7636.041,7639.93,7635.531,7636.64,1.0872
2019-04-16 03:00:00,7636.93,7642.441,7635.63,7642.03,2.0437
2019-04-16 03:30:00,7642.03,7642.04,7640.14,7641.131,2.0535
2019-04-16 04:00:00,7641.03,7643.041,7640.53,7641.941,1.2202
2019-04-16 04:30:00,7642.03,7643.141,7641.331,7642.84,0.7432
2019-04-16 05:00:00,7642.831,7652.64,7640.631,7651.84,2.8432
2019-04-16 05:30:00,7651.931,7652.64,7646.631,7647.831,3.5625
2019-04-16 06:00:00,7647.831,7650.131,7645.83,7647.341,3.8445
2019-04-16 06:30:00,7647.44,7649.531,7643.14,7644.641,2.8942
2019-04-16 07:00:00,7644.541,7651.53,7642.13,7648.131,5.4285
2019-04-16 07:30:00,7648.34,7662.84,7648.14,7659.93,4.6924
2019-04-16 08:00:00,7659.841,7662.441,7658.041,7658.631,1.6445
2019-04-16 08:30:00,7658.631,7665.93,7656.841,7664.93,1.4365
2019-04-16 09:00:00,7664.64,7664.93,7656.33,7659.34,1.8796
2019-04-16 09:30:00,7659.34,7661.641,7655.93,7658.831,1.5365
2019-04-16 10:00:00,7658.641,7662.631,7656.14,7657.631,1.5649
2019-04-16 10:30:00,7657.14,7660.93,7656.33,7659.141,1.0314
2019-04-16 11:00:00,7658.931,7660.63,7654.131,7654.93,1.0529
2019-04-16 11:30:00,7654.93,7658.43,7653.14,7657.141,1.0516
2019-04-16 12:00:00,7657.141,7663.94,7657.13,7658.94,1.4446
2019-04-16 12:30:00,7658.94,7659.13,7653.13,7656.93,1.3744
2019-04-16 13:00:00,7656.931,7661.44,7654.03,7656.13,1.6626
2019-04-16 13:30:00,7655.941,7658.441,7647.14,7657.34,4.9992
2019-04-16 14:00:00,7657.44,7671,7657.141,7666.43,3.0875
2019-04-16 14:30:00,7666.63,7667.44,7649.631,7657.44,8.28
2019-04-16 15:00:00,7657.64,7667.14,7652.93,7657.94,5.9321
2019-04-16 15:30:00,7657.94,7658.33,7648.94,7653.43,6.7716
2019-04-16 16:00:00,7653.43,7658.93,7651.93,7657.941,5.1749
2019-04-16 16:30:00,7657.941,7663.431,7653.14,7662.431,6.1491
2019-04-16 17:00:00,7662.331,7664.931,7660.63,7661.44,4.0876
2019-04-16 17:30:00,7661.44,7662.631,7655.93,7658.631,3.9605
2019-04-16 18:00:00,7658.631,7660.64,7653.63,7659.131,5.5882
2019-04-16 18:30:00,7659.131,7663.84,7656.53,7663.441,5.7485
2019-04-16 19:00:00,7663.441,7668.13,7654.14,7656.131,8.4306
2019-04-16 19:30:00,7656.131,7657.14,7631.831,7655.94,5.0774
2019-04-16 20:00:00,7656.141,7673.44,7638.94,7659.64,2.9834
2019-04-16 22:00:00,7656.441,7656.83,7648.13,7649.14,0.6487
2019-04-16 22:30:00,7649.14,7653.64,7648.13,7650.84,0.9174
2019-04-16 23:00:00,7650.84,7654.64,7649.93,7653.93,0.4367
2019-04-16 23:30:00,7653.93,7656.93,7652.431,7656.93,0.7741
2019-04-17 00:00:00,7656.64,7666.14,7652.93,7663.63,2.4217
2019-04-17 00:30:00,7663.63,7669.14,7663.63,7667.44,1.2513
2019-04-17 01:00:00,7667.44,7670.441,7660.931,7662.04,1.5032
2019-04-17 01:30:00,7661.93,7683.14,7659.94,7679.341,2.8178
2019-04-17 02:00:00,7679.341,7683.431,7672.03,7674.331,3.4704
2019-04-17 02:30:00,7674.441,7677.14,7671.94,7673.43,1.6926
2019-04-17 03:00:00,7673.34,7673.64,7667.93,7670.441,1.7185
2019-04-17 03:30:00,7670.53,7672.94,7667.43,7672.34,0.9572
2019-04-17 04:00:00,7672.34,7675.431,7671.43,7673.63,0.6021
2019-04-17 04:30:00,7673.541,7673.64,7670.34,7670.931,0.4436
2019-04-17 05:00:00,7670.931,7676.941,7670.931,7676.43,0.8988
2019-04-17 05:30:00,7676.431,7678.431,7675.33,7676.54,0.739
2019-04-17 06:00:00,7676.541,7677.04,7672.13,7672.84,0.9954
2019-04-17 06:30:00,7672.84,7675.441,7672.33,7672.93,0.9635
2019-04-17 07:00:00,7672.931,7676.64,7671.53,7675.43,1.5458
2019-04-17 07:30:00,7675.54,7675.54,7671.43,7672.431,1.0726
2019-04-17 08:00:00,7672.331,7677.441,7671.53,7676.631,0.7556
2019-04-17 08:30:00,7676.631,7677.141,7674.641,7676.43,0.8446
2019-04-17 09:00:00,7676.641,7678.631,7675.641,7676.34,0.8242
2019-04-17 09:30:00,7676.341,7679.141,7675.93,7679.14,0.7532
2019-04-17 10:00:00,7679.041,7681.44,7678.64,7680.63,0.5149
2019-04-17 10:30:00,7680.541,7681.44,7678.43,7678.64,0.6206
2019-04-17 11:00:00,7678.44,7683,7678.44,7683,0.6042
2019-04-17 11:30:00,7683,7686.93,7683,7685.93,0.592
2019-04-17 12:00:00,7685.93,7696.03,7685.63,7693.53,0.821
2019-04-17 12:30:00,7693.53,7702.34,7692.931,7698.64,1.258
2019-04-17 13:00:00,7698.431,7710.94,7698.14,7706.44,1.5098
2019-04-17 13:30:00,7706.441,7712.03,7675.44,7677.43,11.9303
2019-04-17 14:00:00,7677.93,7690.941,7658.34,7688.93,15.589
2019-04-17 14:30:00,7689.131,7695.931,7674.93,7677.93,10.0199
2019-04-17 15:00:00,7677.74,7689.24,7669.23,7671.73,3.8293
2019-04-17 15:30:00,7670.931,7686.24,7659.24,7675.731,3.6626
2019-04-17 16:00:00,7675.43,7679.23,7659.73,7678.74,3.447
2019-04-17 16:30:00,7678.84,7686.741,7676.43,7682.84,2.6163
2019-04-17 17:00:00,7682.84,7690.74,7676.23,7677.731,2.4224
2019-04-17 17:30:00,7677.731,7687.94,7676.431,7679.94,2.2241
2019-04-17 18:00:00,7679.73,7682.74,7658.43,7661.13,3.4128
2019-04-17 18:30:00,7661.13,7677.44,7661.13,7674.94,3.1142
2019-04-17 19:00:00,7674.94,7680.93,7668.93,7670.93,2.5028
2019-04-17 19:30:00,7670.841,7685.741,7670.841,7681.741,6.2026
2019-04-17 20:00:00,7681.741,7682.241,7667.731,7669.14,3.1091
2019-04-17 22:00:00,7672.631,7672.741,7667.83,7670.431,0.5061
2019-04-17 22:30:00,7670.431,7673.44,7670.34,7673.24,0.3003
2019-04-17 23:00:00,7673.34,7675.24,7671.731,7674.74,0.3067
2019-04-17 23:30:00,7674.63,7676.841,7671.73,7676.43,0.488
2019-04-18 00:00:00,7676.431,7677.83,7666.94,7667.93,1.4899
2019-04-18 00:30:00,7667.74,7671.941,7667.64,7669.73,0.7627
2019-04-18 01:00:00,7669.631,7673.441,7653.33,7660.641,5.4702
2019-04-18 01:30:00,7660.73,7666.841,7655.83,7656.44,9.8625
2019-04-18 02:00:00,7656.231,7662.441,7654.241,7661.841,6.4207
2019-04-18 02:30:00,7661.841,7662.931,7659.34,7659.641,4.3485
2019-04-18 03:00:00,7659.641,7660.84,7649.73,7650.341,4.8487
2019-04-18 03:30:00,7650.341,7653.731,7646.831,7650.131,4.419
2019-04-18 04:00:00,7650.131,7655.24,7649.731,7653.841,1.899
2019-04-18 04:30:00,7653.741,7657.941,7651.94,7652.241,3.1448
2019-04-18 05:00:00,7652.241,7653.43,7649.94,7651.74,3.9135
2019-04-18 05:30:00,7651.74,7651.931,7645.23,7648.331,5.094
2019-04-18 06:00:00,7648.331,7658.431,7648.131,7655.741,4.8427
2019-04-18 06:30:00,7655.741,7659.241,7654.23,7656.731,3.3135
2019-04-18 07:00:00,7656.94,7662.231,7655.74,7660.43,5.3925
2019-04-18 07:30:00,7660.43,7660.631,7643.74,7649.34,8.8095
2019-04-18 08:00:00,7649.34,7653.34,7641.431,7651.24,7.5735
2019-04-18 08:30:00,7651.24,7657.83,7649.93,7656.931,5.8125
2019-04-18 09:00:00,7656.931,7658.641,7654.73,7658.23,4.533
2019-04-18 09:30:00,7658.33,7675.33,7657.23,7667.441,5.6007
2019-04-18 10:00:00,7667.44,7670.741,7663.63,7669.63,2.1067
2019-04-18 10:30:00,7669.74,7672.241,7664.73,7666.431,1.464
2019-04-18 11:00:00,7666.431,7667.941,7663.64,7667.24,1.1719
2019-04-18 11:30:00,7667.24,7671.84,7664.34,7670.741,0.8794
2019-04-18 12:00:00,7670.741,7678.74,7670.73,7676.93,1.3976
2019-04-18 12:30:00,7676.83,7689.141,7673.74,7680.43,2.5014
2019-04-18 13:00:00,7680.431,7703.731,7680.431,7697.441,2.2101
2019-04-18 13:30:00,7697.631,7697.631,7663.73,7664.74,6.5098
2019-04-18 14:00:00,7664.74,7671.93,7649.74,7653.44,10.5162
2019-04-18 14:30:00,7653.44,7671.441,7645.441,7670.23,11.5665
2019-04-18 15:00:00,7670.23,7675.94,7663.44,7665.241,9.3075
2019-04-18 15:30:00,7665.731,7679.831,7665.731,7678.931,7.5353
2019-04-18 16:00:00,7678.931,7685.741,7677.431,7683.931,6.0368
2019-04-18 16:30:00,7683.931,7690.441,7680.43,7680.73,4.6717
2019-04-18 17:00:00,7680.63,7682.24,7677.34,7680.731,3.6915
2019-04-18 17:30:00,7680.731,7687.931,7679.34,7686.73,4.536
2019-04-18 18:00:00,7686.73,7693.43,7684.731,7692.241,3.7897
2019-04-18 18:30:00,7692.241,7695.241,7689.83,7692.731,4.9215
2019-04-18 19:00:00,7692.631,7693.44,7688.931,7689.731,4.6193
2019-04-18 19:30:00,7689.83,7692.74,7682.93,7691.44,7.3417
2019-04-18 20:00:00,7691.33,7693.931,7687.43,7693.64,2.1352
2019-04-21 22:00:00,7692.94,7698.24,7690.931,7697.641,1.8922
2019-04-21 22:30:00,7697.431,7707.931,7695.94,7703.23,3.0203
2019-04-21 23:00:00,7703.23,7705.431,7700.731,7701.43,1.683
2019-04-21 23:30:00,7701.43,7701.74,7697.23,7699.14,3.0232
2019-04-22 00:00:00,7699.14,7702.641,7694.73,7700.331,6.4973
2019-04-22 00:30:00,7700.331,7705.741,7700.231,7702.14,3.822
2019-04-22 01:00:00,7701.94,7702.941,7672.74,7673.83,4.2442
2019-04-22 01:30:00,7673.83,7688.23,7669.73,7685.14,8.196
2019-04-22 02:00:00,7685.14,7687.241,7678.94,7684.431,5.6302
2019-04-22 02:30:00,7684.431,7688.74,7679.941,7681.84,4.0538
2019-04-22 03:00:00,7681.74,7684.74,7677.631,7679.13,4.0943
2019-04-22 03:30:00,7679.13,7680.44,7674.93,7676.24,2.259
2019-04-22 04:00:00,7676.24,7678.441,7674.441,7676.441,2.7517
2019-04-22 04:30:00,7676.441,7679.831,7675.431,7676.231,2.1128
2019-04-22 05:00:00,7676.231,7680.341,7674.141,7677.74,2.3985
2019-04-22 05:30:00,7677.831,7679.941,7673.43,7674.74,1.9005
2019-04-22 06:00:00,7674.74,7677.23,7672.23,7673.441,2.6917
2019-04-22 06:30:00,7673.63,7676.24,7672.33,7675.73,2.0265
2019-04-22 07:00:00,7675.73,7676.841,7667.63,7671.13,3.2107
2019-04-22 07:30:00,7670.931,7672.941,7666.44,7669.631,3.1545
2019-04-22 08:00:00,7669.631,7670.93,7665.731,7669.431,1.9035
2019-04-22 08:30:00,7669.431,7669.83,7665.831,7668.74,1.7085
2019-04-22 09:00:00,7668.74,7669.741,7664.73,7669.14,1.6125
2019-04-22 09:30:00,7669.14,7670.24,7667.24,7670.23,1.29
2019-04-22 10:00:00,7670.23,7675.941,7669.741,7674.941,1.7647
2019-04-22 10:30:00,7674.941,7676.431,7672.241,7672.43,1.476
2019-04-22 11:00:00,7673.241,7674.741,7667.93,7670.44,2.1413
2019-04-22 11:30:00,7670.44,7671.94,7665.931,7666.83,2.4097
2019-04-22 12:00:00,7666.83,7667.44,7653.74,7654.94,4.2405
2019-04-22 12:30:00,7654.84,7658.941,7651.63,7653.44,3.516
2019-04-22 13:00:00,7653.44,7661.94,7652.73,7657.63,3.918
2019-04-22 13:30:00,7657.63,7677.831,7651.74,7677.83,16.686
2019-04-22 14:00:00,7677.73,7689.44,7674.941,7685.431,12.0375
2019-04-22 14:30:00,7685.431,7696.741,7678.93,7695.931,10.452
2019-04-22 15:00:00,7695.931,7701.941,7686.43,7700.94,9.2738
2019-04-22 15:30:00,7700.94,7705.04,7698.841,7699.031,7.824
2019-04-22 16:00:00,7699.031,7703.03,7696.031,7702.031,6.2902
2019-04-22 16:30:00,7702.031,7704.341,7697.531,7699.041,5.169
2019-04-22 17:00:00,7699.231,7702.841,7695.331,7699.84,4.4512
2019-04-22 17:30:00,7699.84,7708.341,7699.33,7706.331,4.146
2019-04-22 18:00:00,7706.331,7711.041,7704.441,7708.331,4.365
2019-04-22 18:30:00,7708.331,7708.841,7703.041,7707.33,4.7767
2019-04-22 19:00:00,7707.33,7708.831,7704.03,7705.541,4.5405
2019-04-22 19:30:00,7705.559,7716.041,7705.33,7715.04,5.0321
2019-04-22 20:00:00,7715.04,7718.931,7711.53,7717.04,2.4255
2019-04-22 22:00:00,7719.241,7722.64,7717.83,7720.94,1.818
2019-04-22 22:30:00,7720.94,7723.441,7720.93,7723.44,1.0657
2019-04-22 23:00:00,7723.44,7725.94,7722.73,7722.94,1.1887
2019-04-22 23:30:00,7722.94,7723.441,7720.83,7722.64,1.9763
2019-04-23 00:00:00,7722.431,7725.741,7715.63,7716.93,4.1782
2019-04-23 00:30:00,7716.93,7717.44,7711.941,7713.93,4.071
2019-04-23 01:00:00,7713.84,7715.741,7708.441,7712.131,5.5125
2019-04-23 01:30:00,7712.131,7718.331,7710.231,7718.14,8.262
2019-04-23 02:00:00,7718.14,7720.631,7715.43,7718.231,5.1098
2019-04-23 02:30:00,7718.231,7719.94,7716.731,7717.64,4.4302
2019-04-23 03:00:00,7717.43,7720.94,7716.44,7719.931,4.1632
2019-04-23 03:30:00,7719.931,7720.24,7718.24,7719.73,2.1788
2019-04-23 04:00:00,7719.73,7720.73,7718.931,7719.931,1.1273
2019-04-23 04:30:00,7719.931,7723.43,7719.231,7721.93,0.897
2019-04-23 05:00:00,7721.93,7725.94,7721.93,7724.43,2.1885
2019-04-23 05:30:00,7724.43,7731.44,7724.23,7728.33,3.759
2019-04-23 06:00:00,7728.33,7731.441,7726.43,7728.43,3.552
2019-04-23 06:30:00,7728.631,7729.931,7723.83,7724.231,3
2019-04-23 07:00:00,7724.231,7724.431,7711.631,7715.831,5.3947
2019-04-23 07:30:00,7715.831,7717.441,7713.23,7714.73,3.4087
2019-04-23 08:00:00,7714.73,7719.241,7713.44,7715.941,2.9843
2019-04-23 08:30:00,7715.941,7716.941,7713.43,7713.94,3.174
2019-04-23 09:00:00,7713.94,7714.93,7711.841,7711.841,3.1643
2019-04-23 09:30:00,7711.94,7712.741,7708.931,7711.441,2.661
2019-04-23 10:00:00,7711.34,7713.43,7710.23,7712.24,2.4952
2019-04-23 10:30:00,7712.24,7712.24,7707.331,7709.231,2.9378
2019-04-23 11:00:00,7709.231,7713.24,7707.43,7711.131,4.3237
2019-04-23 11:30:00,7711.131,7721.941,7709.431,7721.231,3.477
2019-04-23 12:00:00,7721.13,7730.241,7720.841,7729.64,4.2562
2019-04-23 12:30:00,7729.64,7729.741,7721.431,7722.74,3.8595
2019-04-23 13:00:00,7723.24,7735.23,7720.23,7731.93,5.0265
2019-04-23 13:30:00,7731.93,7763.94,7721.431,7759.34,9.1745
2019-04-23 14:00:00,7759.34,7775.84,7758.33,7774.23,4.3327
2019-04-23 14:30:00,7774.23,7775.44,7760.23,7766.94,10.2039
2019-04-23 15:00:00,7766.94,7791.941,7760.93,7789.63,12.4169
2019-04-23 15:30:00,7789.63,7799.731,7788.43,7798.73,10.3267
2019-04-23 16:00:00,7798.73,7810.741,7796.23,7801.941,9.1676
2019-04-23 16:30:00,7801.741,7808.44,7797.43,7806.73,5.8007
2019-04-23 17:00:00,7806.631,7811.431,7804.43,7805.43,6.4883
2019-04-23 17:30:00,7805.741,7807.941,7803.741,7806.731,6.0989
2019-04-23 18:00:00,7806.431,7811.731,7804.43,7809.741,6.2396
2019-04-23 18:30:00,7809.63,7817.241,7808.44,7815.741,5.8787
2019-04-23 19:00:00,7815.431,7821.441,7812.131,7812.731,7.9547
2019-04-23 19:30:00,7813.231,7813.441,7797.73,7809.731,10.3992
2019-04-23 20:00:00,7809.731,7819.24,7809.331,7818.831,3.5432
2019-04-23 22:00:00,7814.741,7816.241,7811.741,7815.43,2.328
2019-04-23 22:30:00,7815.641,7817.731,7813.431,7815.93,0.9644
2019-04-23 23:00:00,7816.14,7818.44,7815.73,7817.741,1.1183
2019-04-23 23:30:00,7817.841,7819.231,7815.931,7817.341,2.0757
2019-04-24 00:00:00,7817.24,7819.24,7814.43,7814.64,3.6338
2019-04-24 00:30:00,7814.74,7817.74,7814.631,7816.731,1.5032
2019-04-24 01:00:00,7816.64,7819.241,7812.841,7817.93,3.3338
2019-04-24 01:30:00,7817.841,7818.741,7814.93,7816.131,5.3742
2019-04-24 02:00:00,7816.131,7817.141,7809.43,7809.841,5.0107
2019-04-24 02:30:00,7809.731,7812.931,7808.23,7810.131,4.6202
2019-04-24 03:00:00,7810.241,7811.641,7805.231,7807.73,5.495
2019-04-24 03:30:00,7807.841,7808.241,7798.241,7798.831,2.955
2019-04-24 04:00:00,7798.94,7801.241,7797.931,7799.631,2.0125
2019-04-24 04:30:00,7799.731,7801.74,7798.23,7801.231,1.4476
2019-04-24 05:00:00,7801.33,7804.74,7800.84,7801.741,1.235
2019-04-24 05:30:00,7801.631,7804.431,7799.841,7802.831,1.4729
2019-04-24 06:00:00,7802.831,7804.43,7798.43,7799.94,1.3865
2019-04-24 06:30:00,7799.83,7804.131,7799.641,7802.93,1.6341
2019-04-24 07:00:00,7803.331,7805.44,7800.93,7803.931,7.0043
2019-04-24 07:30:00,7804.141,7808.441,7803.93,7806.941,4.9305
2019-04-24 08:00:00,7806.83,7807.831,7799.93,7805.931,7.3178
2019-04-24 08:30:00,7805.84,7808.341,7804.94,7807.84,3.6715
2019-04-24 09:00:00,7807.741,7815.24,7806.431,7814.74,5.445
2019-04-24 09:30:00,7814.431,7820.141,7814.131,7818.94,4.7888
2019-04-24 10:00:00,7819.341,7824.24,7819.131,7821.44,5.1262
2019-04-24 10:30:00,7820.935,7822.64,7817.741,7820.631,3.9631
2019-04-24 11:00:00,7820.73,7821.441,7815.731,7818.93,4.6579
2019-04-24 11:30:00,7819.141,7821.941,7815.941,7820.43,6.9698
2019-04-24 12:00:00,7820.236,7828.73,7817.431,7824.231,5.6077
2019-04-24 12:30:00,7824.131,7825.74,7817.931,7822.93,2.936
2019-04-24 13:00:00,7822.73,7822.94,7814.431,7815.43,2.8568
2019-04-24 13:30:00,7815.431,7823.94,7793.241,7805.431,8.2984
2019-04-24 14:00:00,7805.63,7817.64,7798.43,7814.44,5.5904
2019-04-24 14:30:00,7814.44,7824.04,7806.741,7823.731,10.6634
2019-04-24 15:00:00,7824.031,7827.241,7818.041,7818.94,6.6647
2019-04-24 15:30:00,7818.94,7826.541,7806.03,7806.93,8.6962
2019-04-24 16:00:00,7807.131,7809.14,7800.63,7806.631,7.79
2019-04-24 16:30:00,7806.541,7807.441,7790.43,7792.431,8.3452
2019-04-24 17:00:00,7792.13,7801.441,7789.13,7800.631,8.2086
2019-04-24 17:30:00,7800.541,7805.83,7798.43,7799.43,6.3439
2019-04-24 18:00:00,7799.541,7805.441,7796.54,7798.64,6.7098
2019-04-24 18:30:00,7798.441,7809.131,7797.431,7807.44,6.7752
2019-04-24 19:00:00,7807.141,7809.641,7800.63,7802.441,7.7822
2019-04-24 19:30:00,7802.331,7805.931,7784.441,7786.531,10.8238
2019-04-24 20:00:00,7786.03,7834.631,7784.64,7829.541,11.3071
2019-04-24 22:00:00,7840.94,7844.141,7835.13,7843.04,4.2255
2019-04-24 22:30:00,7842.941,7843.141,7838.83,7839.831,1.3703
2019-04-24 23:00:00,7839.63,7841.14,7837.63,7839.431,1.3565
2019-04-24 23:30:00,7839.141,7843.431,7838.13,7842.831,2.5453
