timestamp,open,high,low,close,volume
2016-07-01 06:00:00,2096.371,2096.38,2093.16,2094.122,0.5587
2016-07-01 06:30:00,2094.121,2096.13,2093.589,2095.247,0.5226
2016-07-01 07:00:00,2095.129,2096.049,2091.838,2093.297,1.3333
2016-07-01 07:30:00,2093.281,2093.877,2089.835,2092.871,1.2478
2016-07-01 08:00:00,2092.989,2095.298,2091.348,2095.046,1.1765
2016-07-01 08:30:00,2095.041,2095.367,2091.447,2091.879,1.7452
2016-07-01 09:00:00,2091.879,2093.12,2091.134,2092.372,1.9748
2016-07-01 09:30:00,2092.375,2092.62,2090.444,2092.611,1.7501
2016-07-01 10:00:00,2092.613,2093.375,2090.199,2092.61,1.7233
2016-07-01 10:30:00,2092.614,2096.355,2091.951,2095.822,0.9758
2016-07-01 11:00:00,2095.704,2097.618,2095.327,2096.209,0.0683
2016-07-01 11:30:00,2096.103,2099.619,2095.616,2099.364,0.0768
2016-07-01 12:00:00,2099.104,2099.117,2097.353,2098.606,0.34
2016-07-01 12:30:00,2098.612,2099.369,2096.663,2097.105,0.8492
2016-07-01 13:00:00,2097.109,2098.12,2096.598,2097.738,0.7738
2016-07-01 13:30:00,2097.745,2105.614,2097.353,2104.37,2.0209
2016-07-01 14:00:00,2104.057,2108.119,2104.057,2106.971,2.8659
2016-07-01 14:30:00,2107.095,2108.876,2105.968,2107.861,2.6357
2016-07-01 15:00:00,2107.853,2108.37,2102.962,2104.737,2.47
2016-07-01 15:30:00,2104.741,2105.614,2103.107,2105.239,2.5016
2016-07-01 16:00:00,2105.244,2105.999,2100.89,2102.238,2.0848
2016-07-01 16:30:00,2102.241,2103.88,2101.332,2103.37,2.1046
2016-07-01 17:00:00,2103.372,2105.499,2100.451,2101.049,2.1029
2016-07-01 17:30:00,2101.049,2102.879,2099.901,2102.376,1.9109
2016-07-01 18:00:00,2102.364,2103.129,2100.447,2101.868,2.4842
2016-07-01 18:30:00,2101.865,2102.379,2098.928,2101.279,2.0285
2016-07-01 19:00:00,2101.291,2105.498,2100.963,2104.186,2.2636
2016-07-01 19:30:00,2104.183,2105.8,2100.838,2102.492,2.6689
2016-07-01 20:00:00,2102.238,2103.022,2102.083,2103.022,0.0008
2016-07-04 06:00:00,2108.258,2111.129,2108.244,2111.033,0.5329
2016-07-04 06:30:00,2111.099,2112.364,2110.615,2110.851,0.4291
2016-07-04 07:00:00,2110.865,2111.079,2107.833,2108.369,0.9235
2016-07-04 07:30:00,2108.54,2109.629,2107.471,2107.944,0.6922
2016-07-04 08:00:00,2107.914,2108.388,2106.247,2108.28,0.8618
2016-07-04 08:30:00,2108.261,2109.136,2104.623,2105.615,0.8299
2016-07-04 09:00:00,2105.528,2108.138,2105.344,2106.995,0.4025
2016-07-04 09:30:00,2106.986,2109.629,2106.971,2108.497,0.5234
2016-07-04 10:00:00,2108.455,2110.126,2108.331,2108.994,0.4347
2016-07-04 10:30:00,2108.979,2109.619,2108.073,2108.601,0.2826
2016-07-04 11:00:00,2108.729,2108.858,2106.565,2106.851,0.3312
2016-07-04 11:30:00,2106.784,2107.87,2106.617,2107.13,0.2949
2016-07-04 12:00:00,2107.094,2107.13,2105.324,2105.603,0.2249
2016-07-04 12:30:00,2105.597,2106.879,2104.836,2106.861,0.2376
2016-07-04 13:00:00,2106.84,2106.879,2105.325,2106.618,0.3244
2016-07-04 13:30:00,2106.855,2107.619,2105.59,2105.873,0.626
2016-07-04 14:00:00,2106.002,2107.998,2105.834,2107.599,0.48
2016-07-04 14:30:00,2107.561,2108.876,2107.092,2107.092,0.373
2016-07-04 15:00:00,2107.373,2107.498,2104.581,2105.109,0.3716
2016-07-04 15:30:00,2105.103,2106.379,2103.08,2106.095,0.5677
2016-07-04 16:00:00,2106.242,2107.628,2106.074,2107.591,0.2449
2016-07-04 16:30:00,2107.61,2107.61,2106.57,2106.859,0.1395
2016-07-05 06:00:00,2100.594,2101.119,2099.076,2099.837,0.3666
2016-07-05 06:30:00,2099.846,2100.369,2095.832,2095.871,0.5961
2016-07-05 07:00:00,2095.873,2097.874,2092.321,2095.345,2.6471
2016-07-05 07:30:00,2095.321,2096.153,2092.338,2092.606,2.5751
2016-07-05 08:00:00,2092.619,2093.605,2090.468,2091.016,2.3885
2016-07-05 08:30:00,2090.988,2091.717,2090.044,2091.039,2.0963
2016-07-05 09:00:00,2091.09,2092.769,2090.834,2091.357,1.839
2016-07-05 09:30:00,2091.383,2093.112,2090.023,2092.205,1.7696
2016-07-05 10:00:00,2092.242,2093.202,2091.605,2093.072,1.7078
2016-07-05 10:30:00,2093.078,2095.853,2093.024,2095.143,1.9795
2016-07-05 11:00:00,2095.131,2095.895,2092.234,2093.18,1.7117
2016-07-05 11:30:00,2093.224,2093.884,2089.582,2089.861,2.0119
2016-07-05 12:00:00,2089.823,2091.469,2089.111,2090.548,1.9546
2016-07-05 12:30:00,2090.567,2093.617,2090.005,2093.345,1.8491
2016-07-05 13:00:00,2093.343,2093.529,2091.183,2092.959,1.9006
2016-07-05 13:30:00,2092.939,2094.211,2085.383,2087.238,2.5013
2016-07-05 14:00:00,2087.259,2088.407,2084.592,2088.395,2.4588
2016-07-05 14:30:00,2088.355,2090.887,2086.191,2087.015,2.3557
2016-07-05 15:00:00,2087.111,2089.619,2082.584,2087.604,2.4532
2016-07-05 15:30:00,2087.616,2087.865,2083.648,2085.089,1.9992
2016-07-05 16:00:00,2085.091,2087.63,2083.983,2087.543,1.9273
2016-07-05 16:30:00,2087.529,2087.611,2083.863,2085.375,1.8091
2016-07-05 17:00:00,2085.349,2085.584,2083.067,2083.213,1.8869
2016-07-05 17:30:00,2083.156,2083.689,2080.273,2081.69,1.7214
2016-07-05 18:00:00,2081.788,2087.227,2081.366,2084.274,2.3241
2016-07-05 18:30:00,2084.262,2085.261,2080.971,2083.768,2.5184
2016-07-05 19:00:00,2083.752,2086.706,2082.966,2086.018,2.4623
2016-07-05 19:30:00,2085.759,2091.846,2085.302,2088.327,2.5967
2016-07-06 06:00:00,2085.156,2085.442,2082.296,2084.068,1.6154
2016-07-06 06:30:00,2084.077,2085.376,2081.024,2081.786,1.6398
2016-07-06 07:00:00,2081.807,2092.936,2080.831,2091.512,2.9201
2016-07-06 07:30:00,2091.505,2091.779,2084.205,2084.367,1.7543
2016-07-06 08:00:00,2084.241,2086.653,2083.835,2085.39,1.537
2016-07-06 08:30:00,2085.416,2085.501,2078.848,2080.595,1.4762
2016-07-06 09:00:00,2080.778,2080.879,2077.617,2079.108,1.1146
2016-07-06 09:30:00,2079.121,2082.377,2078.445,2081.733,0.7945
2016-07-06 10:00:00,2081.717,2081.88,2076.574,2076.752,0.823
2016-07-06 10:30:00,2076.772,2077.62,2074.825,2075.779,1.0336
2016-07-06 11:00:00,2075.781,2080.378,2074.079,2076.584,1.1281
2016-07-06 11:30:00,2076.589,2078.378,2076.08,2077.124,0.8359
2016-07-06 12:00:00,2077.102,2078.872,2076.955,2077.622,0.917
2016-07-06 12:30:00,2077.59,2078.87,2076.021,2078.856,0.8722
2016-07-06 13:00:00,2078.858,2081.744,2078.603,2080.766,0.8647
2016-07-06 13:30:00,2081.114,2083.079,2075.534,2079.187,2.2137
2016-07-06 14:00:00,2079.198,2085.629,2074.476,2075.074,2.3085
2016-07-06 14:30:00,2075.06,2083.866,2073.073,2083.866,2.1517
2016-07-06 15:00:00,2083.84,2089.43,2083.84,2085.97,2.3394
2016-07-06 15:30:00,2085.99,2090.75,2085.956,2089.903,2.365
2016-07-06 16:00:00,2089.885,2094.744,2089.883,2093.876,2.4681
2016-07-06 16:30:00,2093.86,2095.734,2091.973,2095.734,2.3159
2016-07-06 17:00:00,2095.712,2097.272,2093.441,2094.462,2.0987
2016-07-06 17:30:00,2094.419,2095.623,2092.238,2093.341,1.8922
2016-07-06 18:00:00,2093.341,2096.378,2090.138,2093.595,2.5654
2016-07-06 18:30:00,2093.547,2098.916,2093.163,2098.598,2.1992
2016-07-06 19:00:00,2098.646,2099.119,2094.424,2095.157,1.9659
2016-07-06 19:30:00,2095.161,2101.194,2095.043,2099.351,2.263
2016-07-06 20:00:00,2099.324,2099.324,2097.989,2098.083,0.0014
2016-07-07 06:00:00,2100.359,2100.88,2098.851,2100.782,0.5046
2016-07-07 06:30:00,2100.8,2100.863,2096.455,2098.613,0.5707
2016-07-07 07:00:00,2098.621,2103.12,2098.611,2102.858,1.1407
2016-07-07 07:30:00,2102.86,2104.12,2101.114,2103.105,1.0203
2016-07-07 08:00:00,2103.12,2103.63,2101.044,2103.491,1.0003
2016-07-07 08:30:00,2103.495,2105.129,2102.974,2103.029,0.8352
2016-07-07 09:00:00,2103.043,2103.13,2098.71,2099.777,0.7979
2016-07-07 09:30:00,2099.603,2101.873,2099.166,2101.363,0.6605
2016-07-07 10:00:00,2101.366,2101.88,2100.252,2100.873,0.6399
2016-07-07 10:30:00,2100.872,2101.38,2098.081,2098.247,0.6075
2016-07-07 11:00:00,2098.234,2099.63,2098.189,2098.63,0.6908
2016-07-07 11:30:00,2098.609,2099.38,2096.687,2097.613,0.74
2016-07-07 12:00:00,2097.62,2099.628,2096.984,2098.629,0.8128
2016-07-07 12:30:00,2098.612,2101.369,2098.431,2100.349,0.7623
2016-07-07 13:00:00,2100.359,2101.861,2099.279,2101.55,0.6847
2016-07-07 13:30:00,2101.612,2109.12,2101.232,2108.294,1.3165
2016-07-07 14:00:00,2108.28,2108.62,2105.203,2107.546,1.291
2016-07-07 14:30:00,2107.54,2108.624,2101.682,2102.867,1.3175
2016-07-07 15:00:00,2102.875,2103.127,2097.933,2100.495,1.3476
2016-07-07 15:30:00,2100.585,2100.63,2096.396,2099.547,1.3074
2016-07-07 16:00:00,2099.54,2100.63,2096.77,2099.874,1.2961
2016-07-07 16:30:00,2099.74,2099.88,2093.341,2093.781,1.2523
2016-07-07 17:00:00,2093.783,2096.38,2092.245,2095.047,1.2557
2016-07-07 17:30:00,2095.035,2097.129,2092.686,2094.867,1.2024
2016-07-07 18:00:00,2094.875,2096.38,2089.85,2091.782,1.4394
2016-07-07 18:30:00,2091.469,2092.549,2088.972,2090.115,1.312
2016-07-07 19:00:00,2090.105,2094.868,2089.017,2094.53,1.235
2016-07-07 19:30:00,2094.524,2098.799,2093.719,2097.789,1.2499
2016-07-07 20:00:00,2097.863,2097.863,2097.838,2097.838,0.0005
2016-07-08 06:00:00,2096.486,2098.367,2095.856,2097.364,0.4529
2016-07-08 06:30:00,2097.373,2098.039,2096.654,2097.792,0.4535
2016-07-08 07:00:00,2097.877,2104.12,2095.699,2102.246,1.268
2016-07-08 07:30:00,2102.239,2104.364,2101.584,2102.236,0.9735
2016-07-08 08:00:00,2102.243,2104.377,2101.445,2102.788,0.9671
2016-07-08 08:30:00,2102.791,2102.8,2098.99,2100.496,0.8849
2016-07-08 09:00:00,2100.497,2101.126,2097.422,2100.023,0.8983
2016-07-08 09:30:00,2100.043,2103.619,2100.043,2103.352,0.8094
2016-07-08 10:00:00,2103.354,2103.87,2101.322,2102.58,0.6131
2016-07-08 10:30:00,2102.856,2104.63,2102.29,2104.379,0.6617
2016-07-08 11:00:00,2104.378,2105.88,2102.669,2104.856,0.7223
2016-07-08 11:30:00,2104.869,2105.87,2104.339,2104.868,0.679
2016-07-08 12:00:00,2104.721,2105.119,2103.38,2104.245,0.7468
2016-07-08 12:30:00,2104.245,2117.12,2103.728,2115.596,1.4212
2016-07-08 13:00:00,2115.614,2116.113,2110.603,2113.487,1.2912
2016-07-08 13:30:00,2113.616,2117.844,2110.403,2115.881,2.2628
2016-07-08 14:00:00,2115.917,2120.615,2115.634,2118.305,2.5198
2016-07-08 14:30:00,2118.245,2122.586,2117.05,2121.455,2.3634
2016-07-08 15:00:00,2121.424,2125.615,2120.864,2125.078,1.3505
2016-07-08 15:30:00,2124.845,2125.347,2123.044,2123.862,0.8987
2016-07-08 16:00:00,2123.895,2125.24,2122.764,2122.857,2.095
2016-07-08 16:30:00,2122.869,2125.367,2122.595,2124.867,1.665
2016-07-08 17:00:00,2124.837,2126.86,2124.193,2126.619,0.6394
2016-07-08 17:30:00,2126.618,2127.76,2125.779,2126.449,0.7655
2016-07-08 18:00:00,2126.464,2130.097,2125.793,2129.711,0.7751
2016-07-08 18:30:00,2129.749,2132.119,2128.921,2129.843,0.9547
2016-07-08 19:00:00,2129.85,2130.37,2127.847,2127.859,1.2007
2016-07-08 19:30:00,2127.959,2130.38,2126.587,2129.124,1.3099
2016-07-08 20:00:00,2129.03,2129.114,2128.615,2128.615,0.003
2016-07-11 06:00:00,2135.739,2136.87,2135.311,2136.279,0.6494
2016-07-11 06:30:00,2136.288,2136.499,2134.32,2134.349,0.5989
2016-07-11 07:00:00,2134.329,2137.38,2133.093,2136.593,1.1913
2016-07-11 07:30:00,2136.588,2136.879,2133.335,2133.374,1.2244
2016-07-11 08:00:00,2133.357,2135.37,2132.822,2133.744,1.0097
2016-07-11 08:30:00,2133.74,2134.619,2131.723,2131.749,0.8739
2016-07-11 09:00:00,2131.729,2134.13,2129.59,2133.982,0.949
2016-07-11 09:30:00,2133.831,2135.868,2133.809,2134.369,0.8783
2016-07-11 10:00:00,2134.614,2135.616,2130.922,2131.794,0.861
2016-07-11 10:30:00,2131.769,2134.629,2130.372,2134.244,0.8802
2016-07-11 11:00:00,2134.236,2135.87,2134.087,2135.61,0.8893
2016-07-11 11:30:00,2135.613,2136.12,2134.07,2135.103,0.7623
2016-07-11 12:00:00,2135.1,2135.37,2133.822,2134.358,0.7501
2016-07-11 12:30:00,2134.469,2136.12,2134.328,2135.614,0.8427
2016-07-11 13:00:00,2135.62,2136.37,2134.317,2134.333,0.9289
2016-07-11 13:30:00,2134.477,2139.361,2134.078,2136.818,4.3429
2016-07-11 14:00:00,2136.861,2137.63,2132.056,2133.988,4.2639
2016-07-11 14:30:00,2133.96,2138.864,2133.851,2138.84,4.0808
2016-07-11 15:00:00,2138.842,2140.87,2138.568,2139.567,3.7335
2016-07-11 15:30:00,2139.6,2141.367,2139.521,2140.275,3.6131
2016-07-11 16:00:00,2140.278,2141.107,2139.536,2140.808,3.0442
2016-07-11 16:30:00,2140.829,2143.367,2140.525,2142.484,3.0892
2016-07-11 17:00:00,2142.488,2142.863,2140.45,2140.802,3.16
2016-07-11 17:30:00,2140.826,2142.37,2140.437,2140.474,3.0966
2016-07-11 18:00:00,2140.473,2141.119,2139.79,2140.561,3.1959
2016-07-11 18:30:00,2140.582,2141.62,2139.529,2139.802,3.0624
2016-07-11 19:00:00,2139.845,2142.37,2139.804,2140.353,3.1348
2016-07-11 19:30:00,2140.369,2140.369,2135.967,2136.53,3.3625
2016-07-11 20:00:00,2135.971,2136.279,2135.971,2136.279,0.0014
2016-07-12 06:00:00,2137.349,2138.618,2136.845,2138.617,0.7079
2016-07-12 06:30:00,2138.615,2141.608,2138.156,2141.361,0.5183
2016-07-12 07:00:00,2141.369,2144.999,2140.214,2144.246,1.6108
2016-07-12 07:30:00,2144.24,2144.37,2140.148,2141.371,1.2492
2016-07-12 08:00:00,2141.368,2146.619,2140.43,2146.601,0.8182
2016-07-12 08:30:00,2146.601,2148.12,2145.329,2146.859,0.5705
2016-07-12 09:00:00,2146.744,2147.498,2145.292,2147.374,0.6555
2016-07-12 09:30:00,2147.372,2147.63,2146.088,2146.48,0.5433
2016-07-12 10:00:00,2146.492,2146.88,2145.588,2146.366,0.488
2016-07-12 10:30:00,2146.354,2148.379,2146.351,2147.115,0.4762
2016-07-12 11:00:00,2147.112,2147.75,2145.978,2147.351,0.6353
2016-07-12 11:30:00,2147.356,2147.38,2146.584,2147.117,0.3508
2016-07-12 12:00:00,2147.094,2148.115,2145.687,2146.452,0.8793
2016-07-12 12:30:00,2146.47,2148.13,2145.877,2147.113,0.6895
2016-07-12 13:00:00,2147.178,2148.749,2146.952,2147.999,0.8767
2016-07-12 13:30:00,2147.861,2152.116,2147.411,2148.617,1.8561
2016-07-12 14:00:00,2148.592,2149.799,2144.816,2147.245,2.1321
2016-07-12 14:30:00,2147.24,2149.13,2146.598,2148.797,1.1003
2016-07-12 15:00:00,2148.776,2151.63,2147.753,2151.109,1.0556
2016-07-12 15:30:00,2151.148,2154,2150.946,2153.599,1.1647
2016-07-12 16:00:00,2153.599,2155.37,2152.907,2154.868,1.0654
2016-07-12 16:30:00,2154.868,2155.619,2152.639,2153.729,0.7762
2016-07-12 17:00:00,2153.726,2154.62,2153.152,2154.484,1.0283
2016-07-12 17:30:00,2154.627,2155.619,2152.125,2152.548,1.0164
2016-07-12 18:00:00,2152.534,2155.295,2152.147,2154.499,1.2119
2016-07-12 18:30:00,2154.373,2155.878,2152.692,2153.368,1.2936
2016-07-12 19:00:00,2153.361,2154.629,2151.356,2153.119,1.3923
2016-07-12 19:30:00,2153.125,2154.376,2150.684,2151.838,1.4883
2016-07-12 20:00:00,2152.05,2152.074,2151.998,2152.074,0.0005
2016-07-13 06:00:00,2149.511,2150.364,2148.327,2149.05,2.0618
2016-07-13 06:30:00,2148.997,2150.87,2148.969,2150.079,1.7287
2016-07-13 07:00:00,2150.07,2153.541,2150.006,2151.116,4.1057
2016-07-13 07:30:00,2151.119,2152.62,2148.709,2150.702,4.1869
2016-07-13 08:00:00,2151.12,2152.497,2149.442,2150.404,3.6774
2016-07-13 08:30:00,2151,2152.998,2150.212,2151.88,3.5671
2016-07-13 09:00:00,2151.907,2152.752,2150.466,2152.363,3.3221
2016-07-13 09:30:00,2152.383,2153.484,2152.138,2152.939,3.1916
2016-07-13 10:00:00,2152.989,2154.281,2152.223,2153.23,3.265
2016-07-13 10:30:00,2153.241,2154.44,2153.181,2153.202,3.0982
2016-07-13 11:00:00,2153.159,2153.311,2152.001,2152.192,2.679
2016-07-13 11:30:00,2152.175,2152.968,2151.754,2152.968,2.7115
2016-07-13 12:00:00,2152.932,2154.73,2152.932,2154.675,2.7631
2016-07-13 12:30:00,2154.698,2157.837,2154.325,2157.109,3.8112
2016-07-13 13:00:00,2157.058,2157.494,2155.942,2155.996,3.0137
2016-07-13 13:30:00,2156.022,2156.323,2149.2,2150.212,5.7781
2016-07-13 14:00:00,2150.318,2153.223,2150.283,2151.303,5.5629
2016-07-13 14:30:00,2151.283,2154.089,2149.576,2152.77,5.4837
2016-07-13 15:00:00,2152.742,2153.798,2149.28,2149.943,5.3235
2016-07-13 15:30:00,2149.959,2149.992,2145.495,2147.505,5.0768
2016-07-13 16:00:00,2147.508,2149.616,2147.508,2148.201,4.691
2016-07-13 16:30:00,2148.199,2149.536,2147.186,2149.534,4.4478
2016-07-13 17:00:00,2149.504,2151.28,2148.599,2148.732,4.3014
2016-07-13 17:30:00,2148.757,2151.49,2147.975,2149.028,4.236
2016-07-13 18:00:00,2148.989,2152.726,2147.991,2152.524,4.7885
2016-07-13 18:30:00,2152.525,2153.223,2151.058,2152.068,4.7113
2016-07-13 19:00:00,2152.209,2153.841,2150.519,2151.442,4.7109
2016-07-13 19:30:00,2151.206,2153.846,2150.985,2151.283,4.7919
2016-07-13 20:00:00,2151.763,2151.868,2151.763,2151.868,0.0003
2016-07-14 06:00:00,2154.083,2163.461,2153.844,2162.866,0.0473
2016-07-14 06:30:00,2162.702,2163.357,2160.586,2162.623,0.0711
2016-07-14 07:00:00,2162.736,2167.615,2161.594,2165.372,0.2264
2016-07-14 07:30:00,2165.334,2166.119,2163.994,2165.826,0.1283
2016-07-14 08:00:00,2165.596,2166.86,2164.883,2165.348,0.1014
2016-07-14 08:30:00,2165.26,2165.868,2164.803,2165.491,0.0495
2016-07-14 09:00:00,2165.616,2167.59,2164.86,2166.12,0.0673
2016-07-14 09:30:00,2166.038,2174.24,2165.839,2173.299,0.1034
2016-07-14 10:00:00,2173.366,2173.366,2167.5,2168.074,0.1121
2016-07-14 10:30:00,2168.238,2168.628,2166.498,2168.606,0.0851
2016-07-14 11:00:00,2168.368,2168.368,2162.087,2166.871,0.3599
2016-07-14 11:30:00,2167.124,2171.365,2166.583,2170.534,0.5202
2016-07-14 12:00:00,2170.374,2170.629,2167.989,2168.852,0.6237
2016-07-14 12:30:00,2168.871,2169.838,2167.12,2169.359,0.6444
2016-07-14 13:00:00,2169.359,2169.37,2166.801,2166.869,0.7577
2016-07-14 13:30:00,2166.509,2167.602,2161.265,2165.114,1.075
2016-07-14 14:00:00,2165.123,2169.12,2164.599,2166.324,1.1674
2016-07-14 14:30:00,2166.352,2168.62,2163.462,2164.989,1.1512
2016-07-14 15:00:00,2164.984,2167.88,2164.665,2165.773,1.0143
2016-07-14 15:30:00,2165.986,2166.127,2163.331,2164.002,0.9828
2016-07-14 16:00:00,2163.983,2165.63,2161.9,2162.999,0.7632
2016-07-14 16:30:00,2163.037,2164.88,2162.83,2163.531,0.7422
2016-07-14 17:00:00,2163.498,2163.527,2158.684,2159.354,1.0673
2016-07-14 17:30:00,2159.365,2161.629,2158.964,2160.343,0.7373
2016-07-14 18:00:00,2160.615,2163.62,2159.688,2163.361,0.809
2016-07-14 18:30:00,2163.325,2164.62,2162.176,2163.361,0.6928
2016-07-14 19:00:00,2163.599,2166.871,2163.08,2166.339,0.7698
2016-07-14 19:30:00,2166.357,2166.868,2162.76,2162.774,0.8924
2016-07-14 20:00:00,2162.742,2163.515,2162.742,2163.515,0.0008
2016-07-15 06:00:00,2158.833,2160.865,2157.848,2159.076,0.698
2016-07-15 06:30:00,2159.076,2159.868,2157.25,2159.115,0.4708
2016-07-15 07:00:00,2159.103,2161.798,2157.82,2160.335,0.9064
2016-07-15 07:30:00,2160.327,2163.118,2159.062,2160.853,1.5442
2016-07-15 08:00:00,2160.864,2163.344,2159.549,2161.085,1.9654
2016-07-15 08:30:00,2161.113,2161.38,2158.608,2160.338,0.8454
2016-07-15 09:00:00,2160.361,2160.869,2157.478,2160.707,1.0085
2016-07-15 09:30:00,2160.723,2162.359,2159.515,2161.32,1.2585
2016-07-15 10:00:00,2161.334,2163.12,2160.663,2162.609,0.9174
2016-07-15 10:30:00,2162.611,2162.869,2159.209,2159.83,1.0439
2016-07-15 11:00:00,2159.847,2163.242,2159.823,2163.21,0.8007
2016-07-15 11:30:00,2163.204,2165.369,2163,2165.358,1.4257
2016-07-15 12:00:00,2165.323,2165.87,2163.252,2164.071,1.543
2016-07-15 12:30:00,2163.495,2168.118,2163.495,2166.833,2.0198
2016-07-15 13:00:00,2166.855,2170.868,2164.756,2170.205,2.3924
2016-07-15 13:30:00,2170.114,2170.369,2163.998,2165.348,3.8899
2016-07-15 14:00:00,2164.835,2167.1,2162.489,2165.015,4.3667
2016-07-15 14:30:00,2164.985,2166.62,2164.258,2165.342,2.1509
2016-07-15 15:00:00,2165.326,2165.62,2159.525,2160.609,2.1071
2016-07-15 15:30:00,2160.501,2161.618,2157.353,2158.621,2.0014
2016-07-15 16:00:00,2158.581,2160.013,2157.401,2158.861,1.9729
2016-07-15 16:30:00,2158.854,2159.123,2155.073,2156.36,2.0855
2016-07-15 17:00:00,2156.593,2159.63,2156.075,2158.829,1.5433
2016-07-15 17:30:00,2158.779,2160.379,2157.938,2159.369,1.5146
2016-07-15 18:00:00,2159.34,2160.611,2157.289,2158.862,1.9309
2016-07-15 18:30:00,2158.859,2161.118,2158.082,2160.362,1.3921
2016-07-15 19:00:00,2160.324,2162.356,2159.077,2161.99,1.9732
2016-07-15 19:30:00,2161.968,2163.368,2159.829,2160.629,2.2455
2016-07-15 20:00:00,2160.06,2160.06,2160.06,2160.06,0.0017
2016-07-18 06:00:00,2164.357,2165.477,2163.239,2164.714,0.3845
2016-07-18 06:30:00,2164.587,2166.614,2164.587,2165.493,0.3679
2016-07-18 07:00:00,2165.527,2169.5,2164.208,2168.298,0.9908
2016-07-18 07:30:00,2168.289,2168.782,2164.6,2166.583,0.9106
2016-07-18 08:00:00,2166.604,2166.62,2162.709,2164.854,0.7885
2016-07-18 08:30:00,2164.845,2166.77,2163.673,2166.597,0.6222
2016-07-18 09:00:00,2166.581,2166.87,2163.822,2164.591,0.5573
2016-07-18 09:30:00,2164.615,2164.878,2161.365,2162.599,0.743
2016-07-18 10:00:00,2162.607,2164.129,2161.341,2161.876,0.5275
2016-07-18 10:30:00,2161.838,2163.629,2160.561,2163.112,0.5137
2016-07-18 11:00:00,2163.119,2163.871,2161.914,2162.969,0.4655
2016-07-18 11:30:00,2162.841,2166.127,2162.427,2165.538,0.4733
2016-07-18 12:00:00,2165.568,2165.873,2163.532,2164.626,0.7572
2016-07-18 12:30:00,2164.6,2164.745,2161.265,2161.857,0.7302
2016-07-18 13:00:00,2161.876,2163.119,2160.69,2161.834,0.9269
2016-07-18 13:30:00,2161.857,2163.365,2158.482,2161.866,1.1547
2016-07-18 14:00:00,2162.043,2165.855,2161.823,2165.449,1.2191
2016-07-18 14:30:00,2165.475,2167.71,2165.143,2167.008,1.1435
2016-07-18 15:00:00,2167.01,2168.119,2165.631,2166.197,0.9543
2016-07-18 15:30:00,2166.233,2167.866,2165.049,2166.863,0.9129
2016-07-18 16:00:00,2166.828,2166.88,2164.295,2165.522,0.9166
2016-07-18 16:30:00,2165.501,2165.617,2163.517,2165.344,0.8661
2016-07-18 17:00:00,2165.342,2166.12,2163.099,2165.073,0.8588
2016-07-18 17:30:00,2165.115,2167.369,2164.521,2166.821,0.8684
2016-07-18 18:00:00,2166.832,2167.351,2165.024,2167.017,0.8218
2016-07-18 18:30:00,2167.003,2168.111,2166.071,2168.111,0.7766
2016-07-18 19:00:00,2168.113,2168.607,2166.037,2166.846,0.8796
2016-07-18 19:30:00,2166.885,2168.37,2166.258,2166.54,0.782
2016-07-18 20:00:00,2166.541,2166.541,2166.28,2166.366,0.001
2016-07-19 06:00:00,2163.88,2164.38,2162.087,2162.597,0.3794
2016-07-19 06:30:00,2162.598,2163.629,2161.937,2162.993,0.2962
2016-07-19 07:00:00,2163.108,2164.369,2160.744,2161.611,0.9305
2016-07-19 07:30:00,2161.597,2162.13,2159.331,2159.477,1.0279
2016-07-19 08:00:00,2159.468,2160.13,2157.622,2160.097,0.7686
2016-07-19 08:30:00,2160.129,2160.879,2158.366,2159.636,0.6274
2016-07-19 09:00:00,2159.589,2160.63,2158.837,2160.082,0.6508
2016-07-19 09:30:00,2160.105,2160.868,2159.46,2159.491,0.4551
2016-07-19 10:00:00,2159.467,2159.88,2158.63,2159.072,0.4999
2016-07-19 10:30:00,2159.116,2161.63,2159.071,2161.353,0.4765
2016-07-19 11:00:00,2161.534,2161.88,2160.582,2161.853,0.5519
2016-07-19 11:30:00,2161.87,2162.879,2161.39,2161.582,0.5879
2016-07-19 12:00:00,2161.764,2162.37,2160.822,2161.573,0.4391
2016-07-19 12:30:00,2161.596,2163.337,2161.286,2161.367,0.4882
2016-07-19 13:00:00,2161.326,2161.88,2160.349,2161.706,0.5449
2016-07-19 13:30:00,2161.515,2164.118,2159.488,2160.713,1.4949
2016-07-19 14:00:00,2160.727,2163.532,2159.327,2162.746,1.2684
2016-07-19 14:30:00,2162.715,2163.12,2160.346,2162.794,0.9782
2016-07-19 15:00:00,2162.747,2164.748,2161.742,2162.822,1.0443
2016-07-19 15:30:00,2162.867,2163.619,2159.171,2160.105,0.9644
2016-07-19 16:00:00,2160.096,2161.188,2159.105,2160.574,0.8186
2016-07-19 16:30:00,2160.573,2162.619,2159.587,2162.077,0.8401
2016-07-19 17:00:00,2162.113,2162.119,2159.237,2159.359,0.717
2016-07-19 17:30:00,2159.37,2160.628,2158.605,2159.357,0.7369
2016-07-19 18:00:00,2159.365,2161.879,2159.332,2161.36,0.812
2016-07-19 18:30:00,2161.37,2162.392,2160.587,2161.091,0.7977
2016-07-19 19:00:00,2161.128,2162.34,2160.229,2161.614,0.8008
2016-07-19 19:30:00,2161.59,2164.129,2161.287,2164.038,0.7374
2016-07-19 20:00:00,2164.003,2164.527,2164.003,2164.333,0.001
2016-07-20 06:00:00,2164.838,2167.6,2163.971,2167.021,0.8947
2016-07-20 06:30:00,2167.069,2167.877,2166.022,2167.615,0.622
2016-07-20 07:00:00,2167.742,2168.869,2164.137,2166.512,1.5753
2016-07-20 07:30:00,2166.519,2167.877,2165.583,2167.49,1.0632
2016-07-20 08:00:00,2167.526,2168.113,2166.167,2167.822,0.8206
2016-07-20 08:30:00,2167.821,2171.128,2167.03,2169.88,0.9896
2016-07-20 09:00:00,2169.855,2173.104,2169.692,2172.174,1.001
2016-07-20 09:30:00,2172.853,2173.368,2171.633,2172.158,0.9902
2016-07-20 10:00:00,2172.222,2173.11,2171.639,2172.309,0.7368
2016-07-20 10:30:00,2172.341,2172.527,2170.998,2171.202,0.7525
2016-07-20 11:00:00,2171.215,2172.116,2170.511,2170.66,0.6704
2016-07-20 11:30:00,2170.626,2171.596,2169.901,2170.598,0.6435
2016-07-20 12:00:00,2170.74,2170.857,2169.112,2170.63,0.4385
2016-07-20 12:30:00,2170.473,2170.483,2168.281,2169.337,0.5725
2016-07-20 13:00:00,2169.375,2170.594,2168.461,2170.096,0.9837
2016-07-20 13:30:00,2169.987,2170.125,2164.137,2167.348,0.9368
2016-07-20 14:00:00,2167.353,2171.363,2165.761,2170.328,1.0711
2016-07-20 14:30:00,2170.471,2174.092,2169.225,2173.533,0.7418
2016-07-20 15:00:00,2173.702,2175.862,2172.935,2175.58,0.8371
2016-07-20 15:30:00,2175.846,2175.851,2173.271,2173.546,0.4421
2016-07-20 16:00:00,2173.316,2174.07,2172.524,2173.448,0.0477
2016-07-20 16:30:00,2173.289,2173.574,2172.531,2173.02,0.0308
2016-07-20 17:00:00,2172.947,2174.771,2172.947,2174.567,0.0352
2016-07-20 17:30:00,2174.706,2175.314,2174.026,2174.3,0.0378
2016-07-20 18:00:00,2174.437,2175.565,2174.02,2174.447,0.0553
2016-07-20 18:30:00,2174.284,2175.064,2173.452,2173.69,0.0586
2016-07-20 19:00:00,2173.55,2173.817,2172.271,2172.283,0.0893
2016-07-20 19:30:00,2172.293,2174.815,2172.27,2173.055,0.0645
2016-07-20 20:00:00,2172.82,2172.82,2172.533,2172.533,0.0011
2016-07-21 06:00:00,2173.066,2174.613,2172.438,2174.304,1.668
2016-07-21 06:30:00,2174.305,2174.555,2173.299,2174.05,1.5345
2016-07-21 07:00:00,2174.014,2175.929,2172.548,2173.796,4.1293
2016-07-21 07:30:00,2173.859,2175.251,2171.904,2173,3.9222
2016-07-21 08:00:00,2173.022,2174.072,2172.765,2173.575,2.5036
2016-07-21 08:30:00,2173.561,2174.085,2169.27,2171.119,4.2659
2016-07-21 09:00:00,2171.178,2171.523,2169.491,2169.762,2.9844
2016-07-21 09:30:00,2169.729,2169.915,2168.379,2169.719,2.6473
2016-07-21 10:00:00,2169.718,2171.354,2169.718,2171.084,2.2857
2016-07-21 10:30:00,2171.023,2172.156,2170.657,2170.922,2.502
2016-07-21 11:00:00,2170.953,2171.751,2170.367,2171.653,2.6877
2016-07-21 11:30:00,2171.672,2172.463,2171.027,2172.144,2.6071
2016-07-21 12:00:00,2172.178,2172.433,2170.414,2170.93,2.4005
2016-07-21 12:30:00,2170.91,2171.758,2169.441,2170.624,4.4933
2016-07-21 13:00:00,2170.641,2172.461,2170.641,2171.146,4.3502
2016-07-21 13:30:00,2171.137,2173.789,2169.64,2170.758,6.1916
2016-07-21 14:00:00,2170.713,2173.032,2170.053,2171.033,5.1726
2016-07-21 14:30:00,2171.16,2173.529,2170.723,2173.253,4.7854
2016-07-21 15:00:00,2173.281,2173.528,2171.771,2172.165,4.0319
2016-07-21 15:30:00,2172.146,2172.178,2165.684,2167.287,4.3022
2016-07-21 16:00:00,2167.27,2168.017,2165.24,2166.345,3.6731
2016-07-21 16:30:00,2166.325,2166.771,2164.465,2165.049,3.7967
2016-07-21 17:00:00,2165.102,2166.599,2163.893,2166.033,3.5682
2016-07-21 17:30:00,2166.103,2166.289,2162.241,2163.488,3.5388
2016-07-21 18:00:00,2163.54,2163.989,2161.419,2162.522,3.6752
2016-07-21 18:30:00,2162.529,2163.235,2161.024,2161.792,3.5843
2016-07-21 19:00:00,2161.816,2162.31,2159.155,2162.297,4.1366
2016-07-21 19:30:00,2162.298,2165.33,2161.993,2164.546,4.0577
2016-07-21 20:00:00,2164.493,2164.493,2164.493,2164.493,0.0002
2016-07-22 06:00:00,2162.776,2165.222,2162.776,2165.036,1.8481
2016-07-22 06:30:00,2164.995,2165.34,2164.47,2165.113,1.5144
2016-07-22 07:00:00,2165.156,2165.542,2162.881,2163.964,4.373
2016-07-22 07:30:00,2163.935,2167.677,2163.877,2165.788,4.0753
2016-07-22 08:00:00,2165.868,2167.226,2163.978,2164.64,3.4242
2016-07-22 08:30:00,2164.653,2169.166,2163.733,2168.315,4.051
2016-07-22 09:00:00,2168.227,2169.951,2167.492,2169.545,3.2995
2016-07-22 09:30:00,2169.599,2169.743,2165.856,2165.877,3.3355
2016-07-22 10:00:00,2165.886,2168.067,2165.72,2167.734,2.7764
2016-07-22 10:30:00,2167.794,2168.475,2167.468,2167.751,2.3321
2016-07-22 11:00:00,2167.75,2168.512,2167.216,2167.723,2.6373
2016-07-22 11:30:00,2167.973,2167.989,2165.561,2166.201,2.3827
2016-07-22 12:00:00,2166.197,2167.523,2165.817,2167.175,2.6731
2016-07-22 12:30:00,2167.182,2167.388,2166.414,2166.756,2.3301
2016-07-22 13:00:00,2166.762,2166.773,2165.568,2165.87,3.0495
2016-07-22 13:30:00,2165.855,2166.628,2162.735,2164.055,5.3294
2016-07-22 14:00:00,2164.027,2166.521,2163.663,2166.028,4.871
2016-07-22 14:30:00,2166.023,2169.493,2165.217,2169.237,4.3858
2016-07-22 15:00:00,2169.22,2169.359,2167.221,2167.775,3.7546
2016-07-22 15:30:00,2167.858,2171.759,2167.474,2171.467,3.865
2016-07-22 16:00:00,2171.466,2173.044,2171.028,2172.801,0.4121
2016-07-22 16:30:00,2172.749,2173.067,2171.504,2172.281,0.0502
2016-07-22 17:00:00,2172.068,2173.041,2171.771,2173.041,0.0375
2016-07-22 17:30:00,2172.797,2173.498,2171.718,2172.686,0.0442
2016-07-22 18:00:00,2172.554,2173.733,2171.938,2173.026,0.0385
2016-07-22 18:30:00,2172.819,2173.905,2172.277,2173.552,0.0214
2016-07-22 19:00:00,2173.461,2175.067,2172.454,2174.199,0.0395
2016-07-22 19:30:00,2174.219,2175.03,2172.993,2174.2,0.0701
2016-07-22 20:00:00,2174.306,2174.574,2174.306,2174.574,0.0007
2016-07-25 06:00:00,2171.915,2172.57,2171.277,2171.818,0.0245
2016-07-25 06:30:00,2171.681,2172.817,2171.245,2171.911,0.0276
2016-07-25 07:00:00,2171.954,2173.789,2169.781,2171.268,0.1827
2016-07-25 07:30:00,2171.302,2172.811,2170.474,2172.068,0.1059
2016-07-25 08:00:00,2172.215,2176.279,2172.215,2175.549,0.1053
2016-07-25 08:30:00,2175.772,2176.817,2174.686,2174.922,0.0868
2016-07-25 09:00:00,2174.773,2175.319,2173.27,2174.033,0.0733
2016-07-25 09:30:00,2174.299,2175.064,2173.779,2174.294,0.0617
2016-07-25 10:00:00,2174.283,2174.316,2173.036,2173.036,0.167
2016-07-25 10:30:00,2173.072,2174.818,2172.285,2174.547,0.307
2016-07-25 11:00:00,2174.552,2175.314,2173.78,2173.818,0.2729
2016-07-25 11:30:00,2173.548,2174.744,2173.523,2174.542,0.2419
2016-07-25 12:00:00,2174.524,2175.065,2174.026,2174.239,0.1475
2016-07-25 12:30:00,2174.21,2174.32,2172.542,2172.554,0.1467
2016-07-25 13:00:00,2172.673,2173.577,2172.038,2172.062,0.1434
2016-07-25 13:30:00,2171.975,2172.782,2167.441,2167.661,0.8197
2016-07-25 14:00:00,2167.803,2168.312,2163.808,2165.591,0.7987
2016-07-25 14:30:00,2165.792,2166.326,2164.19,2164.786,0.6502
2016-07-25 15:00:00,2164.726,2165.326,2162.579,2164.555,0.3205
2016-07-25 15:30:00,2164.295,2165.287,2162.058,2162.921,0.5078
2016-07-25 16:00:00,2162.946,2163.822,2161.829,2162.539,0.4512
2016-07-25 16:30:00,2162.533,2165.067,2161.731,2164.2,0.4363
2016-07-25 17:00:00,2164.297,2165.82,2163.028,2165.591,0.3071
2016-07-25 17:30:00,2165.6,2165.804,2164.52,2165.304,0.2385
2016-07-25 18:00:00,2165.311,2167.074,2164.282,2164.544,0.3419
2016-07-25 18:30:00,2164.468,2165.826,2164.186,2164.819,0.3176
2016-07-25 19:00:00,2165.049,2165.55,2163.796,2165.045,0.1943
2016-07-25 19:30:00,2165.211,2168.819,2165.075,2168.701,0.2619
2016-07-25 20:00:00,2168.912,2168.912,2168.716,2168.716,0.0004
2016-07-26 06:00:00,2169.92,2170.556,2168.306,2168.523,0.0622
2016-07-26 06:30:00,2168.522,2169.548,2168.522,2168.566,0.0408
2016-07-26 07:00:00,2168.676,2169.901,2166.493,2168.225,4.6342
2016-07-26 07:30:00,2168.294,2168.587,2163.964,2165.721,4.3057
2016-07-26 08:00:00,2165.724,2165.909,2164.429,2164.848,3.7946
2016-07-26 08:30:00,2164.825,2167.461,2164.819,2166.242,3.2866
2016-07-26 09:00:00,2166.263,2168.217,2165.738,2166.573,3.2348
2016-07-26 09:30:00,2166.498,2166.993,2165.004,2165.301,2.7192
2016-07-26 10:00:00,2165.265,2166.532,2164.838,2166.138,2.3664
2016-07-26 10:30:00,2166.118,2167.743,2166.063,2166.971,2.4965
2016-07-26 11:00:00,2166.964,2167.992,2166.235,2166.55,3.0084
2016-07-26 11:30:00,2166.532,2167.504,2165.839,2166.192,2.9161
2016-07-26 12:00:00,2166.196,2168.445,2165.98,2168.172,2.6465
2016-07-26 12:30:00,2168.212,2168.55,2167.082,2167.182,2.6042
2016-07-26 13:00:00,2167.221,2168.315,2167.152,2167.496,0.0314
2016-07-26 13:30:00,2167.543,2173.394,2167.543,2171.343,4.5391
2016-07-26 14:00:00,2171.314,2172.83,2169.821,2171.371,5.0482
2016-07-26 14:30:00,2171.361,2171.789,2160.708,2160.708,4.5963
2016-07-26 15:00:00,2160.575,2163.593,2159.365,2163.365,5.4591
2016-07-26 15:30:00,2163.395,2167.473,2162.651,2166.362,4.8849
2016-07-26 16:00:00,2166.642,2169.399,2165.955,2168.418,4.0162
2016-07-26 16:30:00,2168.47,2168.721,2166.741,2166.931,3.5511
2016-07-26 17:00:00,2166.936,2167.595,2162.647,2163.186,3.9884
2016-07-26 17:30:00,2163.16,2164.68,2162.575,2164.008,3.8401
2016-07-26 18:00:00,2164.011,2166.663,2161.809,2165.404,4.278
2016-07-26 18:30:00,2165.379,2167.485,2165.15,2165.15,3.8602
2016-07-26 19:00:00,2165.182,2167.9,2165.148,2167.831,4.1167
2016-07-26 19:30:00,2167.79,2169.585,2167.16,2169.207,4.2479
2016-07-26 20:00:00,2169.244,2169.252,2169.226,2169.252,0.0028
2016-07-27 06:00:00,2172.141,2173.48,2171.575,2172.792,3.4703
2016-07-27 06:30:00,2172.813,2172.906,2171.683,2171.841,2.4576
2016-07-27 07:00:00,2171.957,2174.355,2171.434,2173.258,6.3672
2016-07-27 07:30:00,2173.213,2173.588,2171.715,2172.999,4.6409
2016-07-27 08:00:00,2173.001,2173.685,2172.386,2173.414,4.111
2016-07-27 08:30:00,2173.336,2174.016,2172.403,2173.322,3.9701
2016-07-27 09:00:00,2173.261,2173.355,2172.723,2172.935,2.5454
2016-07-27 09:30:00,2172.958,2172.959,2171.332,2171.636,2.2513
2016-07-27 10:00:00,2171.597,2172.577,2171.371,2172.485,3.1755
2016-07-27 10:30:00,2172.544,2172.701,2171.607,2172.382,2.4277
2016-07-27 11:00:00,2172.373,2172.655,2171.044,2171.504,3.1025
2016-07-27 11:30:00,2171.437,2173.04,2171.324,2172.84,3.1939
2016-07-27 12:00:00,2172.91,2172.998,2171.97,2172.887,3.2817
2016-07-27 12:30:00,2172.999,2173.641,2171.597,2173.583,3.5907
2016-07-27 13:00:00,2173.519,2174.265,2172.961,2173.347,4.3652
2016-07-27 13:30:00,2173.292,2174.241,2169.554,2172.205,7.8763
2016-07-27 14:00:00,2172.257,2172.562,2167.463,2168.435,6.8082
2016-07-27 14:30:00,2168.494,2168.542,2163.613,2165.282,5.9979
2016-07-27 15:00:00,2165.328,2166.505,2163.23,2166.275,5.4017
2016-07-27 15:30:00,2166.262,2166.456,2162.166,2162.526,5.1615
2016-07-27 16:00:00,2162.534,2163.485,2161.291,2162.254,4.3908
2016-07-27 16:30:00,2162.261,2163.881,2161.703,2162.545,4.6352
2016-07-27 17:00:00,2162.578,2163.083,2160.619,2161.594,5.0789
2016-07-27 17:30:00,2161.544,2165.125,2160.995,2163.695,5.5157
2016-07-27 18:00:00,2163.729,2169.705,2157.831,2165.785,10.3462
2016-07-27 18:30:00,2165.822,2168.565,2165.369,2167.574,6.8084
2016-07-27 19:00:00,2167.491,2171.769,2167.491,2169.637,6.4585
2016-07-27 19:30:00,2169.643,2171.371,2164.696,2166.866,7.1912
2016-07-27 20:00:00,2166.923,2167.298,2166.885,2167.298,0.0057
2016-07-28 06:00:00,2169.673,2169.929,2168.142,2168.829,2.151
2016-07-28 06:30:00,2168.818,2169.735,2168.138,2169.706,1.2739
2016-07-28 07:00:00,2169.705,2172.275,2168.228,2172.22,3.9088
2016-07-28 07:30:00,2172.237,2173.684,2170.867,2171.098,3.3864
2016-07-28 08:00:00,2171.111,2172.108,2170.013,2171.108,2.6293
2016-07-28 08:30:00,2171.133,2171.416,2169.887,2170.493,2.1817
2016-07-28 09:00:00,2170.497,2171.06,2168.702,2169.622,2.1793
2016-07-28 09:30:00,2169.645,2170.105,2168.231,2168.63,1.9608
2016-07-28 10:00:00,2168.589,2169.458,2168.061,2168.957,1.9666
2016-07-28 10:30:00,2168.973,2169.095,2166.716,2167.337,1.9386
2016-07-28 11:00:00,2167.34,2167.773,2164.498,2165.739,2.2531
2016-07-28 11:30:00,2165.788,2165.935,2161.806,2162.56,2.3273
2016-07-28 12:00:00,2162.566,2165.093,2162.409,2164.956,2.1325
2016-07-28 12:30:00,2164.934,2165.361,2163.786,2164.114,2.2836
2016-07-28 13:00:00,2164.115,2165.211,2163.032,2164.351,2.3386
2016-07-28 13:30:00,2164.34,2167.869,2159.296,2166.4,4.539
2016-07-28 14:00:00,2166.38,2167.894,2160.781,2162.968,3.9111
2016-07-28 14:30:00,2163.002,2163.43,2159.193,2159.902,3.4345
2016-07-28 15:00:00,2159.914,2163.293,2159.096,2162.767,3.2644
2016-07-28 15:30:00,2162.79,2163.935,2159.839,2163.458,2.9222
2016-07-28 16:00:00,2163.47,2164.809,2161.349,2162.714,2.7705
2016-07-28 16:30:00,2162.707,2163.984,2161.461,2163.382,2.563
2016-07-28 17:00:00,2163.39,2165.962,2162.584,2165.947,2.4845
2016-07-28 17:30:00,2165.958,2168.179,2164.57,2167.589,2.3998
2016-07-28 18:00:00,2168.007,2169.231,2166.739,2168.093,2.725
2016-07-28 18:30:00,2168.075,2170.312,2167.584,2168.973,2.4146
2016-07-28 19:00:00,2168.984,2170.919,2168.834,2170.511,2.5922
2016-07-28 19:30:00,2170.5,2173.14,2169.328,2169.756,2.7569
2016-07-28 20:00:00,2169.741,2169.741,2169.603,2169.603,0.0017
2016-07-29 06:00:00,2168.483,2171.193,2168.483,2169.798,2.3787
2016-07-29 06:30:00,2169.779,2170.056,2165.389,2166.827,2.5389
2016-07-29 07:00:00,2166.832,2167.002,2163.641,2166.518,4.2078
2016-07-29 07:30:00,2166.488,2167.773,2165.434,2165.618,2.952
2016-07-29 08:00:00,2165.643,2168.593,2165.333,2166.459,2.8907
2016-07-29 08:30:00,2166.528,2167.867,2166.042,2166.974,2.2309
2016-07-29 09:00:00,2166.973,2167.017,2165.617,2165.924,2.1463
2016-07-29 09:30:00,2165.972,2167.668,2165.674,2167.388,2.0471
2016-07-29 10:00:00,2167.371,2168.378,2166.982,2168.074,1.7353
2016-07-29 10:30:00,2168.074,2168.622,2166.232,2167.068,1.8471
2016-07-29 11:00:00,2167.08,2167.543,2166.244,2167.254,1.8845
2016-07-29 11:30:00,2167.278,2167.606,2166.359,2167.156,1.7247
2016-07-29 12:00:00,2167.16,2167.643,2166.077,2166.994,1.9747
2016-07-29 12:30:00,2166.986,2166.986,2163.631,2166.741,3.1818
2016-07-29 13:00:00,2166.736,2167.934,2166.21,2166.387,2.6094
2016-07-29 13:30:00,2166.373,2170.177,2165.28,2166.484,4.1573
2016-07-29 14:00:00,2166.486,2167.252,2162.87,2165.459,3.9707
2016-07-29 14:30:00,2165.472,2172.765,2165.197,2171.023,3.5805
2016-07-29 15:00:00,2171.042,2174.723,2171.042,2173.244,3.294
2016-07-29 15:30:00,2173.158,2176.013,2172.811,2175.137,3.1655
2016-07-29 16:00:00,2175.161,2177.068,2173.83,2173.935,2.6462
2016-07-29 16:30:00,2173.915,2174.96,2171.921,2172.779,2.8391
2016-07-29 17:00:00,2172.77,2174.081,2171.846,2174.069,2.5514
2016-07-29 17:30:00,2174.063,2175.051,2172.994,2174.723,2.5228
2016-07-29 18:00:00,2174.742,2175.732,2174.019,2175.658,2.4206
2016-07-29 18:30:00,2175.668,2175.668,2171.807,2173.658,2.6054
2016-07-29 19:00:00,2173.57,2173.96,2171.196,2171.989,2.9218
2016-07-29 19:30:00,2171.994,2176.297,2171.501,2172.474,3.1608
2016-07-29 20:00:00,2172.472,2172.514,2172.472,2172.508,0.002
2016-08-01 06:00:00,2182.15,2182.97,2181.893,2182.087,1.5555
2016-08-01 06:30:00,2182.072,2182.432,2181.136,2181.346,1.2095
2016-08-01 07:00:00,2181.352,2182.344,2180.418,2181.615,2.3969
2016-08-01 07:30:00,2181.607,2181.675,2179.306,2179.636,2.0725
2016-08-01 08:00:00,2179.649,2180.218,2178.052,2179.842,1.8988
2016-08-01 08:30:00,2179.799,2180.051,2176.612,2176.822,1.8751
2016-08-01 09:00:00,2176.839,2177.397,2175.542,2176.311,2.1552
2016-08-01 09:30:00,2176.308,2177.374,2174.533,2175.118,2.2133
2016-08-01 10:00:00,2175.099,2175.64,2173.771,2175.548,2.0864
2016-08-01 10:30:00,2175.538,2175.734,2174.211,2174.812,2.1975
2016-08-01 11:00:00,2174.785,2175.454,2174.417,2174.899,2.1061
2016-08-01 11:30:00,2174.899,2176.446,2174.799,2176.386,2.105
2016-08-01 12:00:00,2176.387,2176.808,2175.462,2175.853,1.7615
2016-08-01 12:30:00,2175.834,2176.744,2173.238,2173.491,2.1312
2016-08-01 13:00:00,2173.53,2175.315,2172.818,2173.038,2.5005
2016-08-01 13:30:00,2173.058,2173.866,2167.507,2170.821,4.5231
2016-08-01 14:00:00,2170.894,2174.849,2169.373,2173.769,4.0212
2016-08-01 14:30:00,2173.767,2175.212,2171.54,2174.855,3.5921
2016-08-01 15:00:00,2174.862,2178.073,2174.031,2176,3.4234
2016-08-01 15:30:00,2175.986,2177.082,2172.289,2172.341,3.1727
2016-08-01 16:00:00,2172.329,2172.329,2165.412,2166.829,3.1448
2016-08-01 16:30:00,2166.831,2169.083,2166.053,2167.918,2.947
2016-08-01 17:00:00,2167.911,2170.598,2166.341,2169.832,2.9398
2016-08-01 17:30:00,2169.82,2171.064,2166.904,2170.77,2.9537
2016-08-01 18:00:00,2170.813,2172.059,2167.984,2168.568,3.2182
2016-08-01 18:30:00,2168.573,2170.807,2168.248,2170.29,3.0751
2016-08-01 19:00:00,2170.286,2170.843,2165.817,2166.27,3.3344
2016-08-01 19:30:00,2166.277,2170.175,2166.22,2170.03,3.6332
2016-08-01 20:00:00,2169.983,2170.347,2169.983,2170.347,0.0033
2016-08-02 06:00:00,2172.865,2173.653,2171.504,2173.15,1.5187
2016-08-02 06:30:00,2173.195,2173.851,2172.238,2173.296,1.1783
2016-08-02 07:00:00,2173.304,2174.808,2169.832,2171.963,2.9365
2016-08-02 07:30:00,2172.068,2172.606,2165.868,2166.568,2.8548
2016-08-02 08:00:00,2166.573,2168.155,2163.58,2164.266,2.751
2016-08-02 08:30:00,2164.275,2165.535,2162.838,2164.943,2.5187
2016-08-02 09:00:00,2164.981,2165.717,2163.835,2165.554,2.099
2016-08-02 09:30:00,2165.558,2167.182,2164.821,2165.567,1.7057
2016-08-02 10:00:00,2165.567,2166.784,2164.824,2165.365,1.4622
2016-08-02 10:30:00,2165.366,2167.665,2165.096,2166.555,1.5099
2016-08-02 11:00:00,2166.55,2167.255,2163.608,2164.577,1.801
2016-08-02 11:30:00,2164.579,2165.288,2163.585,2165.132,1.7325
2016-08-02 12:00:00,2165.152,2166.283,2164.097,2166.013,1.6914
2016-08-02 12:30:00,2166.006,2167.148,2165.449,2165.546,2.0177
2016-08-02 13:00:00,2165.509,2167.965,2164.831,2167.965,2.0864
2016-08-02 13:30:00,2167.956,2169.497,2162.257,2164.349,3.8674
2016-08-02 14:00:00,2164.355,2164.746,2155.573,2158.243,3.3832
2016-08-02 14:30:00,2158.283,2158.998,2150.367,2150.452,3.5076
2016-08-02 15:00:00,2150.431,2156.236,2150.431,2154.467,2.9899
2016-08-02 15:30:00,2154.492,2154.879,2151.685,2152.356,1.3028
2016-08-02 16:00:00,2152.353,2154.88,2150.372,2153.743,1.2321
2016-08-02 16:30:00,2153.563,2154.379,2149.023,2150.103,1.0299
2016-08-02 17:00:00,2150.102,2150.376,2147.28,2150.126,1.3451
2016-08-02 17:30:00,2150.105,2150.629,2147.607,2149.985,0.9709
2016-08-02 18:00:00,2149.985,2155.119,2149.083,2154.238,1.0528
2016-08-02 18:30:00,2154.214,2157.12,2153.073,2154.791,1.4458
2016-08-02 19:00:00,2154.796,2156.618,2153.549,2155.229,1.2236
2016-08-02 19:30:00,2155.211,2158.867,2154.81,2157.102,1.4549
2016-08-02 20:00:00,2157.218,2157.598,2157.218,2157.598,0.0006
2016-08-03 06:00:00,2155.119,2155.592,2153.581,2155.102,0.4798
2016-08-03 06:30:00,2155.113,2156.63,2154.834,2156.288,0.4209
2016-08-03 07:00:00,2156.299,2156.88,2150.826,2152.849,1.1469
2016-08-03 07:30:00,2152.865,2153.378,2150.583,2153.361,0.8003
2016-08-03 08:00:00,2153.366,2154.5,2151.338,2153.59,0.9446
2016-08-03 08:30:00,2153.625,2154.375,2152.101,2153.112,0.638
2016-08-03 09:00:00,2153.108,2154.38,2151.741,2153.863,0.6442
2016-08-03 09:30:00,2153.861,2154.87,2153.574,2154.297,0.583
2016-08-03 10:00:00,2154.265,2154.866,2153.008,2153.748,0.5811
2016-08-03 10:30:00,2153.726,2155.119,2153.058,2153.865,0.5124
2016-08-03 11:00:00,2153.84,2154.37,2152.832,2153.276,0.4908
2016-08-03 11:30:00,2153.367,2154.62,2152.807,2154.603,0.5101
2016-08-03 12:00:00,2154.61,2156.127,2153.831,2155.015,0.5423
2016-08-03 12:30:00,2155.016,2155.13,2153.837,2154.541,0.4771
2016-08-03 13:00:00,2154.537,2155.88,2154.086,2155.792,0.5314
2016-08-03 13:30:00,2155.785,2158.38,2152.335,2156.59,1.1775
2016-08-03 14:00:00,2156.609,2160.38,2155.972,2157.835,1.1746
2016-08-03 14:30:00,2157.856,2160.618,2155.836,2157.34,1.3326
2016-08-03 15:00:00,2157.351,2160.12,2156.351,2158.725,1.052
2016-08-03 15:30:00,2158.749,2159.88,2157.082,2159.611,1.0016
2016-08-03 16:00:00,2159.621,2160.13,2158.574,2159.132,0.86
2016-08-03 16:30:00,2159.099,2161.37,2158.594,2160.353,0.8059
2016-08-03 17:00:00,2160.529,2161.38,2159.836,2160.6,0.6995
2016-08-03 17:30:00,2160.866,2161.37,2158.585,2159.369,0.678
2016-08-03 18:00:00,2159.381,2160.37,2157.404,2157.496,0.753
2016-08-03 18:30:00,2157.47,2159.13,2156.765,2158.614,0.7066
2016-08-03 19:00:00,2158.621,2161.12,2157.837,2161.049,0.7818
2016-08-03 19:30:00,2161.048,2163.45,2159.759,2162.888,0.8655
2016-08-03 20:00:00,2163.104,2163.11,2163.104,2163.107,0.0006
2016-08-04 06:00:00,2162.592,2163.84,2161.451,2162.104,1.4529
2016-08-04 06:30:00,2162.152,2162.213,2160.985,2161.935,1.1394
2016-08-04 07:00:00,2161.968,2163.057,2160.595,2161.538,2.7599
2016-08-04 07:30:00,2161.547,2162.062,2159.009,2161.222,2.4854
2016-08-04 08:00:00,2161.293,2162.336,2160.285,2162.148,1.7664
2016-08-04 08:30:00,2162.123,2162.661,2160.876,2161.318,1.5293
2016-08-04 09:00:00,2161.333,2161.767,2160.114,2161.569,1.5288
2016-08-04 09:30:00,2161.549,2162.585,2160.585,2162.171,1.3167
2016-08-04 10:00:00,2162.157,2162.472,2160.913,2160.99,1.3842
2016-08-04 10:30:00,2161,2162.566,2160.749,2162.5,1.206
2016-08-04 11:00:00,2162.507,2168.849,2162.079,2167.796,3.2131
2016-08-04 11:30:00,2167.777,2168.247,2165.591,2166.879,2.4247
2016-08-04 12:00:00,2166.886,2167.041,2162.022,2162.97,2.1021
2016-08-04 12:30:00,2162.974,2164.796,2162.219,2163.055,2.0848
2016-08-04 13:00:00,2163.026,2164.541,2162.296,2163.445,1.8042
2016-08-04 13:30:00,2163.503,2166.684,2160.788,2161.371,3.477
2016-08-04 14:00:00,2161.382,2162.106,2158.239,2161.584,2.9202
2016-08-04 14:30:00,2161.573,2166.116,2161.034,2165.046,2.8855
2016-08-04 15:00:00,2164.994,2165.923,2162.744,2164.345,2.7105
2016-08-04 15:30:00,2164.328,2167.168,2163.502,2166.893,2.1416
2016-08-04 16:00:00,2166.88,2168.262,2165.76,2166.463,1.7607
2016-08-04 16:30:00,2165.851,2166.626,2164.084,2164.366,1.6522
2016-08-04 17:00:00,2164.105,2165.06,2162.312,2163.844,1.7672
2016-08-04 17:30:00,2163.837,2164.399,2162.61,2163.605,1.5369
2016-08-04 18:00:00,2163.366,2165.122,2161.01,2162.642,1.821
2016-08-04 18:30:00,2162.111,2163.667,2161.519,2163.607,1.6331
2016-08-04 19:00:00,2163.628,2163.769,2161.839,2162.587,1.8362
2016-08-04 19:30:00,2163.087,2165.409,2162.76,2164.521,1.9486
2016-08-04 20:00:00,2164.669,2164.669,2163.987,2163.987,0.0023
2016-08-05 06:00:00,2166.531,2166.672,2165.343,2166.489,1.0006
2016-08-05 06:30:00,2166.484,2167.159,2165.831,2166.745,0.8113
2016-08-05 07:00:00,2166.735,2169.884,2166.105,2169.369,2.5378
2016-08-05 07:30:00,2169.402,2169.734,2167.8,2168.203,1.8685
2016-08-05 08:00:00,2168.2,2168.664,2167.352,2168.206,1.4352
2016-08-05 08:30:00,2168.197,2168.398,2165.755,2167.195,1.7467
2016-08-05 09:00:00,2167.195,2168.457,2166.595,2168.137,1.4313
2016-08-05 09:30:00,2168.15,2169.475,2167.95,2168.708,1.1684
2016-08-05 10:00:00,2168.705,2169.023,2167.831,2168.656,1.0455
2016-08-05 10:30:00,2168.67,2169.516,2168.105,2169.331,1.0405
2016-08-05 11:00:00,2169.326,2169.413,2167.573,2168.175,1.2357
2016-08-05 11:30:00,2168.166,2168.494,2166.611,2167.251,1.3958
2016-08-05 12:00:00,2167.223,2168.417,2166.084,2166.999,2.0191
2016-08-05 12:30:00,2166.466,2172.691,2165.516,2171.947,3.3311
2016-08-05 13:00:00,2171.966,2173.402,2170.273,2172.638,2.3395
2016-08-05 13:30:00,2172.678,2179,2171.072,2178.924,3.9168
2016-08-05 14:00:00,2178.906,2180.231,2177.525,2178.416,3.5494
2016-08-05 14:30:00,2178.397,2180.162,2177.086,2179.914,3.0855
2016-08-05 15:00:00,2179.326,2181.742,2179.326,2180.867,2.9921
2016-08-05 15:30:00,2180.865,2181.885,2180.247,2180.695,2.8058
2016-08-05 16:00:00,2180.69,2182.255,2180.543,2182.181,2.4645
2016-08-05 16:30:00,2182.191,2182.426,2180.986,2181.276,2.2617
2016-08-05 17:00:00,2181.287,2181.384,2180.266,2180.708,2.025
2016-08-05 17:30:00,2180.707,2181.908,2180.074,2181.664,1.9423
2016-08-05 18:00:00,2181.662,2181.896,2180.079,2180.633,2.0938
2016-08-05 18:30:00,2180.632,2181.428,2179.297,2180.392,1.8148
2016-08-05 19:00:00,2180.41,2182.799,2180.386,2181.965,2.1432
2016-08-05 19:30:00,2181.94,2182.418,2180.094,2182.301,2.7234
2016-08-05 20:00:00,2182.321,2182.324,2182.043,2182.094,0.0019
2016-08-08 06:00:00,2182.321,2182.761,2180.938,2181.004,1.9736
2016-08-08 06:30:00,2180.97,2181.94,2180.647,2181.881,1.7806
2016-08-08 07:00:00,2181.881,2183.308,2180.417,2183.23,3.9603
2016-08-08 07:30:00,2183.193,2185.057,2183.162,2184.941,3.4131
2016-08-08 08:00:00,2184.919,2185.532,2184.094,2185.169,2.7377
2016-08-08 08:30:00,2185.179,2186.772,2185.142,2185.975,2.845
2016-08-08 09:00:00,2185.985,2186.392,2185.172,2185.458,1.9444
2016-08-08 09:30:00,2185.468,2185.859,2184.634,2184.634,1.6557
2016-08-08 10:00:00,2184.669,2185.237,2184.47,2185.188,1.5754
2016-08-08 10:30:00,2185.153,2185.21,2183.93,2184.319,1.7645
2016-08-08 11:00:00,2184.312,2184.936,2184.151,2184.693,1.8211
2016-08-08 11:30:00,2184.686,2184.762,2183.787,2184.13,1.4198
2016-08-08 12:00:00,2184.166,2184.182,2182.853,2183.369,1.9708
2016-08-08 12:30:00,2183.385,2183.571,2182.195,2182.447,1.9859
2016-08-08 13:00:00,2182.398,2184.203,2182.351,2183.909,2.5209
2016-08-08 13:30:00,2183.887,2184.925,2180.905,2181.475,5.8263
2016-08-08 14:00:00,2181.468,2182.559,2179.023,2179.502,5.134
2016-08-08 14:30:00,2179.511,2181.037,2179.295,2180.524,4.224
2016-08-08 15:00:00,2180.533,2182.11,2180.04,2181.13,3.9986
2016-08-08 15:30:00,2181.164,2182.067,2180.498,2180.591,3.4398
2016-08-08 16:00:00,2180.588,2180.853,2179.443,2180.051,2.7483
2016-08-08 16:30:00,2180.074,2180.847,2179.013,2180.064,2.546
2016-08-08 17:00:00,2180.039,2180.295,2179.301,2180.219,2.829
2016-08-08 17:30:00,2180.243,2180.518,2179.564,2180.271,2.8448
2016-08-08 18:00:00,2180.262,2180.55,2177.189,2177.762,3.2727
2016-08-08 18:30:00,2177.721,2178.785,2177.458,2178.012,2.9154
2016-08-08 19:00:00,2177.952,2178.526,2177.251,2178.294,2.9046
2016-08-08 19:30:00,2178.297,2180.189,2178.29,2179.975,3.2117
2016-08-08 20:00:00,2179.976,2180.26,2179.976,2180.107,0.0014
2016-08-09 06:00:00,2180.096,2180.204,2178.807,2178.923,1.271
2016-08-09 06:30:00,2178.891,2179.21,2178.703,2179.113,0.8991
2016-08-09 07:00:00,2179.135,2180.531,2178.728,2179.778,3.2889
2016-08-09 07:30:00,2179.785,2181.037,2178.683,2180.476,2.4757
2016-08-09 08:00:00,2180.464,2180.987,2179.487,2179.545,2.1844
2016-08-09 08:30:00,2179.583,2179.991,2179.241,2179.834,1.876
2016-08-09 09:00:00,2179.821,2180.519,2179.711,2180.505,1.5953
2016-08-09 09:30:00,2180.488,2180.526,2179.994,2180.002,1.3435
2016-08-09 10:00:00,2180.049,2180.308,2179.967,2180.239,1.2333
2016-08-09 10:30:00,2180.272,2181.793,2180.214,2181.217,1.5391
2016-08-09 11:00:00,2181.22,2182.012,2180.998,2181.667,1.4588
2016-08-09 11:30:00,2181.713,2182.291,2181.432,2181.996,1.5203
2016-08-09 12:00:00,2181.982,2183.019,2181.928,2182.073,1.931
2016-08-09 12:30:00,2182.067,2182.08,2180.44,2181.198,2.0203
2016-08-09 13:00:00,2181.25,2182.175,2180.806,2181.229,2.2478
2016-08-09 13:30:00,2181.201,2184.256,2180.241,2183.977,4.4653
2016-08-09 14:00:00,2183.982,2186.482,2181.71,2185.788,4.1434
2016-08-09 14:30:00,2185.798,2186.653,2184.975,2185.519,4.0327
2016-08-09 15:00:00,2185.568,2187.491,2185.493,2186.446,3.6682
2016-08-09 15:30:00,2186.412,2186.915,2185.534,2185.866,3.2871
2016-08-09 16:00:00,2185.92,2186.762,2183.01,2183.358,2.9001
2016-08-09 16:30:00,2183.331,2183.499,2181.729,2182.362,3.1607
2016-08-09 17:00:00,2182.344,2183.283,2181.971,2182.339,2.8064
2016-08-09 17:30:00,2182.295,2182.951,2180.254,2181.227,3.0105
2016-08-09 18:00:00,2181.282,2181.482,2179.655,2179.703,3.0517
2016-08-09 18:30:00,2179.746,2180.043,2177.91,2179.986,3.178
2016-08-09 19:00:00,2179.956,2181.256,2178.991,2181.17,3.0222
2016-08-09 19:30:00,2181.162,2181.864,2180.395,2181.534,3.3091
2016-08-09 20:00:00,2181.493,2181.514,2181.493,2181.511,0.0021
2016-08-10 06:00:00,2179.551,2180.257,2179.294,2179.375,1.5636
2016-08-10 06:30:00,2179.348,2179.965,2179.042,2179.177,1.1462
2016-08-10 07:00:00,2179.193,2181.737,2178.579,2181.675,2.927
2016-08-10 07:30:00,2181.705,2183.277,2181.231,2181.321,2.6457
2016-08-10 08:00:00,2181.266,2183.053,2181.239,2182.027,2.146
2016-08-10 08:30:00,2182.031,2183.573,2181.899,2183.122,1.802
2016-08-10 09:00:00,2183.11,2184.831,2183.063,2184.082,1.7988
2016-08-10 09:30:00,2184.054,2184.09,2181.853,2182.227,1.8555
2016-08-10 10:00:00,2182.22,2182.768,2181.747,2182.528,1.4929
2016-08-10 10:30:00,2182.548,2182.799,2181.792,2181.88,1.4267
2016-08-10 11:00:00,2181.901,2184.175,2181.794,2184.084,1.5768
2016-08-10 11:30:00,2184.07,2184.713,2182.67,2183.006,1.7087
2016-08-10 12:00:00,2183.016,2183.982,2182.773,2183.982,1.5542
2016-08-10 12:30:00,2183.938,2184.237,2183.204,2183.988,1.6189
2016-08-10 13:00:00,2183.95,2184.236,2182.252,2182.309,1.8649
2016-08-10 13:30:00,2182.313,2183.26,2178.633,2178.672,4.3704
2016-08-10 14:00:00,2178.679,2181.715,2178.285,2179.999,4.0807
2016-08-10 14:30:00,2180.024,2181.274,2178.558,2179.49,4.0643
2016-08-10 15:00:00,2179.516,2181.015,2174.08,2174.749,4.2281
2016-08-10 15:30:00,2174.788,2175.021,2173.489,2174.266,3.335
2016-08-10 16:00:00,2174.249,2176.75,2173.752,2176.065,3.1933
2016-08-10 16:30:00,2176.013,2177.205,2175.516,2177.19,2.9163
2016-08-10 17:00:00,2177.195,2177.237,2174.757,2175.552,2.9014
2016-08-10 17:30:00,2175.576,2176.738,2174.534,2174.944,2.7639
2016-08-10 18:00:00,2174.985,2176.491,2171.402,2172.182,3.266
2016-08-10 18:30:00,2172.186,2173.049,2171.28,2172.536,3.1979
2016-08-10 19:00:00,2172.539,2176.292,2171.694,2174.77,2.9837
2016-08-10 19:30:00,2174.766,2175.475,2172.212,2175.323,3.2377
2016-08-10 20:00:00,2175.416,2175.726,2175.416,2175.726,0.0014
2016-08-11 06:00:00,2178.321,2180.865,2178.294,2180.366,1.5524
2016-08-11 06:30:00,2180.349,2182.089,2179.876,2180.04,2.1422
2016-08-11 07:00:00,2179.999,2180.501,2175.899,2175.899,4.1243
2016-08-11 07:30:00,2175.891,2177.246,2175.317,2176.254,3.0363
2016-08-11 08:00:00,2176.198,2177.31,2175.938,2176.528,2.7073
2016-08-11 08:30:00,2176.572,2178.092,2176.477,2178.03,1.8347
2016-08-11 09:00:00,2178.011,2180.204,2177.973,2179.416,2.2031
2016-08-11 09:30:00,2179.338,2180.001,2179.262,2179.58,2.2053
2016-08-11 10:00:00,2179.629,2180.926,2179.306,2180.817,1.8676
2016-08-11 10:30:00,2180.785,2181.615,2180.037,2181.07,2.0801
2016-08-11 11:00:00,2181.02,2182.224,2181.006,2181.604,2.0066
2016-08-11 11:30:00,2181.586,2181.908,2180.421,2180.445,1.9621
2016-08-11 12:00:00,2180.42,2180.594,2179.626,2180.075,2.239
2016-08-11 12:30:00,2180.063,2181.638,2180.062,2180.587,2.1597
2016-08-11 13:00:00,2180.576,2181.818,2180.547,2181.594,2.3622
2016-08-11 13:30:00,2181.591,2184.015,2180.594,2180.619,5.0605
2016-08-11 14:00:00,2180.74,2181.317,2178.482,2180.963,4.5105
2016-08-11 14:30:00,2181.039,2185.718,2180.95,2184.286,4.0734
2016-08-11 15:00:00,2184.298,2185.326,2183.786,2185.25,4.0123
2016-08-11 15:30:00,2185.2,2187.392,2184.852,2186.57,3.7968
2016-08-11 16:00:00,2186.556,2186.814,2185.545,2185.916,3.3894
2016-08-11 16:30:00,2186.035,2186.817,2185.485,2186.082,2.818
2016-08-11 17:00:00,2186.083,2187.307,2185.798,2186.108,2.8461
2016-08-11 17:30:00,2186.039,2187.259,2185.585,2186.165,2.4583
2016-08-11 18:00:00,2186.295,2188.137,2186.133,2187.598,3.2554
2016-08-11 18:30:00,2187.635,2187.635,2184.504,2185.805,3.0079
2016-08-11 19:00:00,2185.784,2186.629,2185.522,2185.718,2.6801
2016-08-11 19:30:00,2185.703,2188.448,2185.556,2185.714,3.5072
2016-08-11 20:00:00,2185.773,2185.773,2185.709,2185.709,0.001
2016-08-12 06:00:00,2184.067,2184.616,2183.516,2183.687,1.7498
2016-08-12 06:30:00,2183.659,2184.776,2183.519,2184.665,1.3447
2016-08-12 07:00:00,2184.628,2186.008,2184.288,2184.975,3.4005
2016-08-12 07:30:00,2184.973,2186.701,2184.72,2185.108,2.8378
2016-08-12 08:00:00,2185.144,2186.731,2184.656,2186.564,2.5142
2016-08-12 08:30:00,2186.565,2186.76,2185.661,2186.031,1.9608
2016-08-12 09:00:00,2186.041,2186.565,2185.892,2186.033,1.7902
2016-08-12 09:30:00,2186.009,2186.303,2185.907,2186.007,1.5537
2016-08-12 10:00:00,2186.12,2186.717,2185.965,2186.327,1.6311
2016-08-12 10:30:00,2186.297,2186.357,2185.583,2185.8,1.5295
2016-08-12 11:00:00,2185.727,2185.948,2184.755,2184.982,1.7057
2016-08-12 11:30:00,2185.025,2185.764,2184.97,2185.499,1.449
2016-08-12 12:00:00,2185.443,2185.722,2184.2,2184.316,1.8512
2016-08-12 12:30:00,2184.296,2184.416,2181.707,2182.495,3.9958
2016-08-12 13:00:00,2182.487,2183.278,2181.491,2181.618,3.1624
2016-08-12 13:30:00,2181.62,2183.292,2179.734,2182.374,5.5199
2016-08-12 14:00:00,2182.383,2184.026,2181.315,2182.749,4.8328
2016-08-12 14:30:00,2182.814,2185.326,2182.542,2184.705,4.156
2016-08-12 15:00:00,2184.775,2185.688,2184.279,2185.48,3.766
2016-08-12 15:30:00,2185.499,2185.786,2182.691,2183.628,3.5812
2016-08-12 16:00:00,2183.618,2183.787,2181.001,2181.985,3.6232
2016-08-12 16:30:00,2182.016,2183.029,2181.546,2181.55,3.4241
2016-08-12 17:00:00,2181.555,2181.597,2178.53,2180.786,3.7085
2016-08-12 17:30:00,2180.791,2180.931,2179.581,2179.967,2.9707
2016-08-12 18:00:00,2180.018,2181.558,2179.54,2181.077,3.2561
2016-08-12 18:30:00,2181.051,2182.521,2180.884,2181.822,2.9935
2016-08-12 19:00:00,2181.878,2182.483,2181.472,2182.48,2.8434
2016-08-12 19:30:00,2182.491,2184.422,2182.04,2183.035,3.5029
2016-08-12 20:00:00,2183.063,2183.515,2183.05,2183.515,0.0023
2016-08-15 06:00:00,2185.885,2186.407,2185.801,2186.221,1.2905
2016-08-15 06:30:00,2186.217,2186.601,2186.088,2186.146,1.1657
2016-08-15 07:00:00,2186.167,2187.362,2184.843,2186.614,2.7088
2016-08-15 07:30:00,2186.593,2188.488,2186.123,2187.356,2.1969
2016-08-15 08:00:00,2187.385,2187.942,2186.859,2187.395,1.8816
2016-08-15 08:30:00,2187.425,2187.545,2185.865,2185.887,1.5276
2016-08-15 09:00:00,2185.902,2186.441,2185.714,2186.1,1.783
2016-08-15 09:30:00,2186.148,2186.305,2185.637,2185.92,1.2803
2016-08-15 10:00:00,2185.951,2186.355,2185.882,2186.304,0.9389
2016-08-15 10:30:00,2186.323,2186.659,2186.111,2186.411,1.1838
2016-08-15 11:00:00,2186.389,2187.146,2186.226,2187.121,1.2734
2016-08-15 11:30:00,2187.136,2187.393,2186.859,2187.186,1.5845
2016-08-15 12:00:00,2187.13,2187.968,2186.561,2187.622,1.765
2016-08-15 12:30:00,2187.589,2188.418,2187.297,2187.619,2.1258
2016-08-15 13:00:00,2187.613,2187.85,2187.111,2187.345,2.422
2016-08-15 13:30:00,2187.362,2190.949,2187.337,2189.192,4.8109
2016-08-15 14:00:00,2189.232,2191.857,2189.086,2191.274,4.5016
2016-08-15 14:30:00,2191.347,2193.259,2191.318,2192.393,3.7727
2016-08-15 15:00:00,2192.393,2193.53,2192.141,2193.386,3.388
2016-08-15 15:30:00,2193.353,2193.449,2191.908,2192.054,3.2131
2016-08-15 16:00:00,2192.056,2193.353,2192.024,2193.121,2.8345
2016-08-15 16:30:00,2193.167,2193.282,2191.907,2192.354,2.6049
2016-08-15 17:00:00,2192.397,2192.613,2191.51,2192.333,2.5623
2016-08-15 17:30:00,2192.28,2193.419,2192.28,2192.416,1.1198
2016-08-15 18:00:00,2192.662,2192.662,2191.55,2192.124,0.0265
2016-08-15 18:30:00,2191.876,2193.165,2191.642,2192.529,0.0197
2016-08-15 19:00:00,2192.625,2192.92,2190.536,2191.125,0.0437
2016-08-15 19:30:00,2191.395,2191.669,2189.54,2189.908,0.0494
2016-08-15 20:00:00,2189.624,2189.919,2189.624,2189.919,0.0004
2016-08-16 06:00:00,2185.552,2186.875,2185.41,2186.294,0.1766
2016-08-16 06:30:00,2186.321,2186.864,2186.092,2186.61,0.0259
2016-08-16 07:00:00,2186.743,2186.855,2183.833,2184.837,0.0578
2016-08-16 07:30:00,2185.042,2185.735,2184.822,2185.074,0.0317
2016-08-16 08:00:00,2185.225,2185.579,2183.829,2184.838,0.0205
2016-08-16 08:30:00,2184.584,2185.116,2183.997,2184.614,0.1459
2016-08-16 09:00:00,2184.571,2188.623,2184.571,2188.345,0.0309
2016-08-16 09:30:00,2188.472,2188.613,2187.571,2187.829,0.0216
2016-08-16 10:00:00,2187.612,2187.612,2184.728,2185.575,0.0691
2016-08-16 10:30:00,2185.346,2186.763,2185.325,2186.613,0.0236
2016-08-16 11:00:00,2186.746,2187.027,2186.321,2187.027,0.0262
2016-08-16 11:30:00,2187.076,2187.08,2184.846,2185.33,0.0218
2016-08-16 12:00:00,2185.119,2185.629,2184.822,2185.114,0.0209
2016-08-16 12:30:00,2185.241,2185.618,2182.938,2184.018,0.0631
2016-08-16 13:00:00,2184.366,2184.603,2183.826,2184.208,0.0307
2016-08-16 13:30:00,2184.575,2184.868,2179.746,2182.37,0.2025
2016-08-16 14:00:00,2182.212,2185.12,2181.833,2182.512,0.1079
2016-08-16 14:30:00,2182.613,2183.621,2180.176,2181.25,0.1275
2016-08-16 15:00:00,2181.238,2184.629,2181.08,2183.839,0.0605
2016-08-16 15:30:00,2183.715,2183.878,2181.18,2183.088,0.0907
2016-08-16 16:00:00,2182.876,2183.108,2181.8,2182.105,0.036
2016-08-16 16:30:00,2182.106,2184.129,2181.585,2183.833,0.0267
2016-08-16 17:00:00,2183.769,2184.108,2179.996,2180.859,0.0527
2016-08-16 17:30:00,2180.602,2181.375,2179.299,2180.831,0.3546
2016-08-16 18:00:00,2180.846,2181.876,2178.1,2179.704,0.6036
2016-08-16 18:30:00,2179.719,2182.612,2179.398,2182.11,0.2933
2016-08-16 19:00:00,2182.243,2182.366,2180.545,2181.864,0.5159
2016-08-16 19:30:00,2181.746,2182.107,2177.18,2178.337,0.6066
2016-08-16 20:00:00,2178.105,2178.342,2178.019,2178.342,0.0006
2016-08-17 06:00:00,2181.043,2182.846,2181.004,2182.846,0.202
2016-08-17 06:30:00,2182.742,2182.861,2182.092,2182.13,0.0076
2016-08-17 07:00:00,2182.106,2183.116,2179.344,2181.035,0.1183
2016-08-17 07:30:00,2180.851,2181.129,2177.752,2177.834,0.0835
2016-08-17 08:00:00,2178.045,2178.078,2175.342,2176.617,0.0675
2016-08-17 08:30:00,2176.491,2178.367,2176.491,2177.601,0.0566
2016-08-17 09:00:00,2177.583,2179.341,2176.937,2178.358,0.058
2016-08-17 09:30:00,2178.401,2179.613,2178.401,2179.362,0.0553
2016-08-17 10:00:00,2179.322,2179.598,2178.518,2178.543,0.0835
2016-08-17 10:30:00,2178.566,2178.999,2177.963,2178.101,0.0322
2016-08-17 11:00:00,2177.981,2178.358,2177.32,2178.073,0.0251
2016-08-17 11:30:00,2178.366,2180.103,2178.332,2179.369,0.0519
2016-08-17 12:00:00,2179.081,2179.867,2177.884,2178.758,0.0485
2016-08-17 12:30:00,2178.855,2179.369,2178.581,2179.353,0.0131
2016-08-17 13:00:00,2179.539,2179.577,2177.608,2177.877,0.0401
2016-08-17 13:30:00,2178.129,2178.592,2171.297,2171.455,0.2481
2016-08-17 14:00:00,2171.113,2172.359,2170.582,2171.874,0.1389
2016-08-17 14:30:00,2172.494,2173.364,2170.957,2172.107,0.178
2016-08-17 15:00:00,2171.831,2172.879,2169.336,2169.771,0.1212
2016-08-17 15:30:00,2169.852,2170.113,2167.758,2168.618,0.0949
2016-08-17 16:00:00,2168.338,2171.849,2168.33,2171.586,0.0841
2016-08-17 16:30:00,2171.437,2176.367,2171.332,2175.609,0.0904
2016-08-17 17:00:00,2175.849,2175.865,2174.321,2175.098,0.0328
2016-08-17 17:30:00,2174.865,2178.861,2174.829,2175.356,0.1571
2016-08-17 18:00:00,2175.126,2181.859,2171.612,2179.354,0.3792
2016-08-17 18:30:00,2179.754,2180.362,2177.085,2179.543,0.2203
2016-08-17 19:00:00,2179.739,2180.758,2177.322,2180.583,0.2455
2016-08-17 19:30:00,2180.775,2183.1,2179.997,2181.243,0.1427
2016-08-17 20:00:00,2181.345,2181.54,2181.333,2181.54,0.0006
2016-08-18 06:00:00,2183.534,2184.464,2183.072,2183.336,0.0182
2016-08-18 06:30:00,2183.345,2184.115,2182.831,2183.95,0.0204
2016-08-18 07:00:00,2183.856,2184.771,2181.82,2181.858,0.074
2016-08-18 07:30:00,2181.949,2182.617,2181.762,2182.363,0.0412
2016-08-18 08:00:00,2182.384,2183.226,2182.004,2182.099,0.0472
2016-08-18 08:30:00,2182.36,2182.84,2182.048,2182.333,0.037
2016-08-18 09:00:00,2182.466,2183.364,2182.086,2182.106,0.0188
2016-08-18 09:30:00,2181.829,2182.104,2181.072,2181.472,0.3038
2016-08-18 10:00:00,2181.471,2182.495,2181.36,2182.236,1.1932
2016-08-18 10:30:00,2182.242,2182.479,2181.119,2181.638,0.9767
2016-08-18 11:00:00,2181.65,2182.139,2180.113,2180.941,1.4119
2016-08-18 11:30:00,2180.956,2181.153,2178.365,2179.502,1.3326
2016-08-18 12:00:00,2179.512,2180.101,2178.587,2179.925,1.5685
2016-08-18 12:30:00,2179.933,2180.705,2179.653,2180.151,1.647
2016-08-18 13:00:00,2180.144,2181.626,2179.851,2181.464,1.6348
2016-08-18 13:30:00,2181.448,2184.141,2180.102,2182.751,3.4095
2016-08-18 14:00:00,2182.755,2184.294,2181.583,2183.2,2.9963
2016-08-18 14:30:00,2183.197,2186.762,2183.197,2186.418,2.8655
2016-08-18 15:00:00,2186.406,2186.525,2184.584,2185.996,2.7594
2016-08-18 15:30:00,2185.986,2186.287,2183.52,2184.144,2.4155
2016-08-18 16:00:00,2184.131,2184.131,2180.744,2181.43,2.3289
2016-08-18 16:30:00,2181.434,2182.696,2180.117,2182.002,1.9959
2016-08-18 17:00:00,2182,2183.704,2181.573,2182.99,2.1519
2016-08-18 17:30:00,2182.997,2185.059,2182.601,2184.176,1.9098
2016-08-18 18:00:00,2184.139,2184.9,2183.076,2184.434,2.0187
2016-08-18 18:30:00,2184.431,2184.607,2182.59,2184.169,1.9126
2016-08-18 19:00:00,2184.166,2186.362,2183.829,2185.97,2.0469
2016-08-18 19:30:00,2185.969,2186.957,2184.355,2186.829,2.3765
2016-08-18 20:00:00,2186.819,2186.819,2186.37,2186.37,0.0009
2016-08-19 06:00:00,2185.171,2185.712,2184.978,2185.49,1.1635
2016-08-19 06:30:00,2185.479,2185.677,2185.225,2185.393,0.7808
2016-08-19 07:00:00,2185.425,2185.71,2181.843,2182.035,2.7624
2016-08-19 07:30:00,2182.011,2183.023,2180.73,2181.442,2.2426
2016-08-19 08:00:00,2181.448,2181.491,2177.829,2178.458,1.9551
2016-08-19 08:30:00,2178.406,2178.936,2177.389,2178.249,1.7163
2016-08-19 09:00:00,2178.239,2179.995,2178.038,2179.47,1.7132
2016-08-19 09:30:00,2179.447,2180.02,2179.005,2179.689,1.5413
2016-08-19 10:00:00,2179.701,2181.351,2179.667,2180.237,1.4607
2016-08-19 10:30:00,2180.244,2180.489,2179.136,2179.211,1.2422
2016-08-19 11:00:00,2179.212,2180.464,2178.994,2179.982,1.2462
2016-08-19 11:30:00,2179.962,2180.012,2178.28,2178.574,1.0628
2016-08-19 12:00:00,2178.573,2179.834,2177.47,2179.777,1.483
2016-08-19 12:30:00,2179.766,2180.685,2179.549,2180.41,1.5169
2016-08-19 13:00:00,2180.44,2181.436,2179.516,2180.683,1.8418
2016-08-19 13:30:00,2180.671,2181.016,2174.85,2176.037,3.8445
2016-08-19 14:00:00,2176.033,2181.619,2175.849,2181.578,3.3247
2016-08-19 14:30:00,2181.599,2183.422,2180.744,2181.446,2.9006
2016-08-19 15:00:00,2181.435,2183.001,2180.804,2182.581,2.773
2016-08-19 15:30:00,2182.574,2183.005,2180.774,2182.666,2.4072
2016-08-19 16:00:00,2182.675,2183.485,2181.301,2182.816,2.1925
2016-08-19 16:30:00,2182.801,2182.959,2178.05,2178.78,2.5662
2016-08-19 17:00:00,2178.786,2179.951,2178.423,2179.509,2.2914
2016-08-19 17:30:00,2179.526,2181.738,2178.537,2180.778,2.2635
2016-08-19 18:00:00,2180.754,2181.915,2180.744,2181.516,2.1545
2016-08-19 18:30:00,2181.511,2184.425,2181.311,2183.506,2.0773
2016-08-19 19:00:00,2183.506,2184.784,2182.81,2184.545,2.1791
2016-08-19 19:30:00,2184.557,2185.004,2183.184,2183.496,2.611
2016-08-19 20:00:00,2183.519,2183.519,2183.519,2183.519,0.0008
2016-08-22 06:00:00,2179.236,2179.516,2178.717,2179.464,1.6391
2016-08-22 06:30:00,2179.448,2179.545,2178.735,2179.53,1.1632
2016-08-22 07:00:00,2179.556,2181.759,2177.417,2181.537,3.6862
2016-08-22 07:30:00,2181.517,2183.485,2181.469,2183.238,3.0381
2016-08-22 08:00:00,2183.248,2185.933,2183.248,2184.536,2.6839
2016-08-22 08:30:00,2184.526,2185.55,2184.288,2184.986,2.0409
2016-08-22 09:00:00,2185.013,2186.317,2182.434,2182.534,2.3327
2016-08-22 09:30:00,2182.554,2184.392,2182.253,2183.054,2.3622
2016-08-22 10:00:00,2183.086,2183.23,2179.612,2180.701,2.4568
2016-08-22 10:30:00,2180.698,2180.763,2178.523,2178.778,2.2623
2016-08-22 11:00:00,2178.757,2179.246,2177.682,2178.937,3.0442
2016-08-22 11:30:00,2178.972,2179.262,2178.228,2178.732,1.8918
2016-08-22 12:00:00,2178.74,2180.275,2178.431,2180.275,2.0887
2016-08-22 12:30:00,2180.228,2180.874,2179.482,2179.529,2.1651
2016-08-22 13:00:00,2179.512,2180.258,2178.963,2180.001,2.434
2016-08-22 13:30:00,2179.966,2180.106,2175.442,2178.043,5.6825
2016-08-22 14:00:00,2178.038,2184.292,2176.506,2183.512,4.4328
2016-08-22 14:30:00,2183.476,2184.593,2183.051,2183.176,3.7416
2016-08-22 15:00:00,2183.166,2184.357,2177.269,2177.467,4.0008
2016-08-22 15:30:00,2177.501,2179.705,2176.979,2179.324,3.8175
2016-08-22 16:00:00,2179.294,2185.298,2177.768,2183.994,3.6948
2016-08-22 16:30:00,2183.981,2184.221,2181.18,2181.978,2.9138
2016-08-22 17:00:00,2181.928,2182.717,2177.216,2179.019,3.3699
2016-08-22 17:30:00,2178.994,2182.476,2178.042,2181.55,3.2786
2016-08-22 18:00:00,2181.538,2183.208,2179.696,2179.731,3.3528
2016-08-22 18:30:00,2179.733,2182.218,2179.427,2180.729,3.4492
2016-08-22 19:00:00,2180.749,2182.74,2180.722,2182.42,2.9455
2016-08-22 19:30:00,2182.308,2182.754,2181.209,2182.23,3.1816
2016-08-22 20:00:00,2182.489,2182.726,2182.489,2182.726,0.0004
2016-08-23 06:00:00,2183.626,2184.753,2183.288,2184.256,1.4743
2016-08-23 06:30:00,2184.24,2184.595,2183.25,2184.461,1.5353
2016-08-23 07:00:00,2184.361,2185.607,2183.901,2184.337,3.8059
2016-08-23 07:30:00,2184.333,2186.216,2184.2,2185.368,2.8899
2016-08-23 08:00:00,2185.407,2189.055,2185.392,2188.553,2.9745
2016-08-23 08:30:00,2188.578,2188.993,2186.989,2187.74,2.4398
2016-08-23 09:00:00,2187.725,2188.149,2186.522,2187.673,2.0468
2016-08-23 09:30:00,2187.651,2189.283,2187.617,2188.459,2.0465
2016-08-23 10:00:00,2188.49,2189.725,2188.085,2188.263,1.9485
2016-08-23 10:30:00,2188.261,2189.003,2187.179,2187.719,1.7852
2016-08-23 11:00:00,2187.668,2189.082,2187.514,2188.298,1.8828
2016-08-23 11:30:00,2188.255,2188.78,2187.731,2188.164,1.5118
2016-08-23 12:00:00,2188.168,2188.406,2187.168,2187.868,1.9992
2016-08-23 12:30:00,2187.849,2188.979,2187.724,2188.936,2.1127
2016-08-23 13:00:00,2189.133,2190.241,2188.681,2189.66,2.1968
2016-08-23 13:30:00,2189.664,2193.042,2189.633,2192.33,5.0597
2016-08-23 14:00:00,2192.286,2193.333,2191.083,2191.906,4.9452
2016-08-23 14:30:00,2191.937,2192.657,2190.558,2191.932,4.035
2016-08-23 15:00:00,2191.896,2191.937,2189.386,2190.464,4.2459
2016-08-23 15:30:00,2190.474,2191.124,2189.315,2189.866,3.8172
2016-08-23 16:00:00,2189.873,2190.158,2188.389,2189.107,3.0395
2016-08-23 16:30:00,2189.156,2189.919,2187.445,2188.393,2.8635
2016-08-23 17:00:00,2188.36,2190.19,2187.939,2189.466,2.6795
2016-08-23 17:30:00,2189.607,2190.141,2188.653,2189.209,2.3725
2016-08-23 18:00:00,2189.208,2189.682,2187.711,2189.373,2.9281
2016-08-23 18:30:00,2189.371,2189.529,2187.826,2188.457,2.6391
2016-08-23 19:00:00,2188.434,2189.401,2187.966,2188.401,2.4633
2016-08-23 19:30:00,2188.385,2188.421,2186.393,2186.592,3.1081
2016-08-23 20:00:00,2186.664,2186.992,2186.603,2186.992,0.0023
2016-08-24 06:00:00,2185.743,2186.167,2184.731,2185.378,1.977
2016-08-24 06:30:00,2185.365,2185.828,2184.356,2184.489,1.7739
2016-08-24 07:00:00,2184.465,2185.452,2182.4,2185.258,4.8273
2016-08-24 07:30:00,2185.249,2187.739,2185.179,2186.787,3.8721
2016-08-24 08:00:00,2186.819,2187.677,2185.662,2186.175,3.6503
2016-08-24 08:30:00,2186.122,2188.443,2185.671,2188.085,3.2877
2016-08-24 09:00:00,2188.102,2189.233,2187.185,2188.708,3.4087
2016-08-24 09:30:00,2188.73,2188.936,2187.75,2188.148,2.6409
2016-08-24 10:00:00,2188.197,2188.935,2187.919,2188.529,2.1706
2016-08-24 10:30:00,2188.489,2188.933,2187.697,2188.613,2.313
2016-08-24 11:00:00,2188.631,2188.911,2187.148,2187.883,2.3925
2016-08-24 11:30:00,2187.824,2187.934,2186.934,2187.685,2.3058
2016-08-24 12:00:00,2187.7,2188.636,2187.617,2188.189,1.9873
2016-08-24 12:30:00,2188.18,2188.183,2187.189,2187.611,2.3408
2016-08-24 13:00:00,2187.613,2187.89,2185.117,2185.117,2.7305
2016-08-24 13:30:00,2185.165,2186.15,2183.124,2184.489,6.4834
2016-08-24 14:00:00,2184.486,2185.432,2182.409,2183.515,6.0001
2016-08-24 14:30:00,2183.501,2183.692,2179.896,2181.714,5.6975
2016-08-24 15:00:00,2181.704,2182.651,2180.891,2182.179,4.9875
2016-08-24 15:30:00,2182.23,2182.659,2180.389,2181.407,4.811
2016-08-24 16:00:00,2181.445,2183.935,2181.194,2182.775,3.773
2016-08-24 16:30:00,2182.72,2184.694,2182.713,2184.403,3.3538
2016-08-24 17:00:00,2184.42,2184.435,2182.661,2182.681,3.5602
2016-08-24 17:30:00,2182.756,2182.923,2181.942,2182.003,3.7207
2016-08-24 18:00:00,2181.997,2182.084,2177.697,2178.46,4.6663
2016-08-24 18:30:00,2178.412,2179.434,2177.499,2179.184,4.0771
2016-08-24 19:00:00,2179.195,2179.263,2174.566,2174.966,4.6668
2016-08-24 19:30:00,2174.923,2175.777,2170.581,2175.527,5.2353
2016-08-24 20:00:00,2175.59,2176.808,2175.499,2176.808,0.0025
2016-08-25 06:00:00,2177.483,2177.668,2175.886,2176.671,1.7953
2016-08-25 06:30:00,2176.658,2176.718,2175.656,2176.548,1.4242
2016-08-25 07:00:00,2176.566,2176.568,2173.41,2174.523,3.9269
2016-08-25 07:30:00,2174.514,2175.025,2173.016,2174.425,3.138
2016-08-25 08:00:00,2174.425,2174.471,2172.041,2172.73,3.4204
2016-08-25 08:30:00,2172.747,2173.215,2171.718,2172.253,2.9775
2016-08-25 09:00:00,2172.219,2175.636,2171.742,2175.593,2.8893
2016-08-25 09:30:00,2175.569,2176.731,2174.016,2174.218,2.7848
2016-08-25 10:00:00,2174.223,2174.751,2173.527,2173.607,2.2415
2016-08-25 10:30:00,2173.602,2173.991,2171.474,2172.295,2.139
2016-08-25 11:00:00,2172.316,2172.531,2171.066,2172.489,2.3263
2016-08-25 11:30:00,2172.484,2173.273,2171.282,2172.824,1.9357
2016-08-25 12:00:00,2172.875,2173.017,2171.947,2172.694,2.0096
2016-08-25 12:30:00,2172.749,2173.258,2171.456,2171.543,2.5739
2016-08-25 13:00:00,2171.527,2172.542,2170.675,2171.232,2.6915
2016-08-25 13:30:00,2171.265,2174.529,2169.736,2173.413,5.3805
2016-08-25 14:00:00,2173.3,2176.544,2172.062,2175.034,4.5337
2016-08-25 14:30:00,2175.329,2176.254,2173.363,2175.529,4.1285
2016-08-25 15:00:00,2175.514,2179.069,2175.486,2177.664,4.2278
2016-08-25 15:30:00,2177.624,2178.48,2175.856,2176.673,3.6321
2016-08-25 16:00:00,2176.668,2176.762,2174.266,2175.638,3.3476
2016-08-25 16:30:00,2175.615,2177.507,2175.615,2176.722,3.0172
2016-08-25 17:00:00,2176.749,2177.35,2175.234,2176.618,3.1911
2016-08-25 17:30:00,2176.666,2176.716,2171.326,2172.741,3.6408
2016-08-25 18:00:00,2172.734,2173.755,2169.973,2171.544,3.5843
2016-08-25 18:30:00,2171.507,2172.829,2169.753,2170.526,3.4341
2016-08-25 19:00:00,2170.488,2173.444,2169.325,2172.559,3.5785
2016-08-25 19:30:00,2172.503,2173.463,2170.671,2173.461,3.5723
2016-08-25 20:00:00,2173.518,2173.591,2173.466,2173.591,0.0023
2016-08-26 06:00:00,2175.511,2176.327,2174.836,2175.761,1.4533
2016-08-26 06:30:00,2175.747,2176.526,2175.043,2176.474,1.2937
2016-08-26 07:00:00,2176.267,2177.819,2174.039,2175.584,3.0833
2016-08-26 07:30:00,2175.55,2177.485,2174.526,2176.209,2.5962
2016-08-26 08:00:00,2176.21,2176.508,2174.545,2175.523,2.1093
2016-08-26 08:30:00,2175.536,2176.341,2174.553,2176.065,1.8083
2016-08-26 09:00:00,2176.015,2176.082,2174.581,2175.536,1.4693
2016-08-26 09:30:00,2175.52,2176.928,2175.066,2176.518,1.5004
2016-08-26 10:00:00,2176.535,2176.562,2174.3,2175.294,1.4542
2016-08-26 10:30:00,2175.297,2175.711,2174.207,2174.538,1.3339
2016-08-26 11:00:00,2174.527,2175.069,2174.046,2174.757,1.4612
2016-08-26 11:30:00,2174.765,2175.236,2173.575,2174.432,1.4633
2016-08-26 12:00:00,2174.441,2174.635,2173.338,2173.781,1.472
2016-08-26 12:30:00,2173.741,2176.24,2173.339,2175.472,2.2777
2016-08-26 13:00:00,2175.5,2176.785,2174.549,2176.28,2.1515
2016-08-26 13:30:00,2176.279,2182.394,2175.731,2178.234,3.8869
2016-08-26 14:00:00,2178.252,2188.33,2171.596,2186.539,4.7819
2016-08-26 14:30:00,2186.565,2187.012,2181.769,2183.868,3.6497
2016-08-26 15:00:00,2183.844,2185.003,2181.731,2184.76,3.2341
2016-08-26 15:30:00,2184.781,2184.944,2170.298,2172.749,3.5348
2016-08-26 16:00:00,2172.729,2172.74,2161.999,2166.19,4.0798
2016-08-26 16:30:00,2166.206,2168.96,2164.209,2168.497,3.5222
2016-08-26 17:00:00,2168.487,2170.229,2164.548,2166.987,3.378
2016-08-26 17:30:00,2166.987,2167.483,2162.282,2164.188,3.1771
2016-08-26 18:00:00,2164.216,2166.769,2158.976,2160.768,3.4674
2016-08-26 18:30:00,2160.716,2163.446,2158.823,2163.258,3.4013
2016-08-26 19:00:00,2162.548,2169.362,2161.732,2167.831,3.4686
2016-08-26 19:30:00,2168.481,2171.857,2167.717,2169.284,3.7727
2016-08-26 20:00:00,2169.269,2169.338,2169.269,2169.338,0.0031
2016-08-29 06:00:00,2168.846,2169.083,2168.026,2168.842,1.2703
2016-08-29 06:30:00,2168.855,2168.982,2168.309,2168.375,0.9029
2016-08-29 07:00:00,2168.39,2169.831,2167.444,2167.863,2.8182
2016-08-29 07:30:00,2167.868,2168.368,2166.289,2166.551,2.5577
2016-08-29 08:00:00,2166.542,2168.135,2166.084,2167.782,2.0995
2016-08-29 08:30:00,2167.792,2169.771,2167.762,2168.548,2.1517
2016-08-29 09:00:00,2168.57,2168.76,2167.119,2167.144,1.4743
2016-08-29 09:30:00,2167.133,2169.239,2166.632,2169.037,1.3412
2016-08-29 10:00:00,2169.036,2169.325,2168.95,2169.245,1.0576
2016-08-29 10:30:00,2169.231,2170.834,2169.209,2170.523,1.0831
2016-08-29 11:00:00,2170.56,2170.604,2170.025,2170.108,1.0677
2016-08-29 11:30:00,2170.1,2170.539,2169.807,2170.194,0.9789
2016-08-29 12:00:00,2170.123,2171.594,2170.103,2171.581,1.3895
2016-08-29 12:30:00,2171.583,2173.12,2171.073,2172.157,1.7975
2016-08-29 13:00:00,2172.13,2172.349,2171.074,2171.332,1.8679
2016-08-29 13:30:00,2171.335,2178.618,2170.834,2177.456,5.1621
2016-08-29 14:00:00,2177.532,2179.34,2177.146,2178.078,4.1108
2016-08-29 14:30:00,2178.093,2179.829,2176.862,2178.589,3.836
2016-08-29 15:00:00,2178.557,2179.827,2178.064,2179.73,3.3239
2016-08-29 15:30:00,2179.761,2182.683,2178.798,2181.837,3.6533
2016-08-29 16:00:00,2181.802,2182.926,2180.678,2181.072,3.0326
2016-08-29 16:30:00,2181.114,2182.816,2180.789,2182.55,2.4325
2016-08-29 17:00:00,2182.562,2182.834,2181.809,2182.583,2.4386
2016-08-29 17:30:00,2182.612,2183.58,2182.314,2183.1,2.5659
2016-08-29 18:00:00,2183.083,2183.426,2180.845,2181.103,2.6263
2016-08-29 18:30:00,2181.129,2181.709,2180.446,2181.478,2.7624
2016-08-29 19:00:00,2181.474,2182.284,2179.614,2180.335,2.7846
2016-08-29 19:30:00,2180.312,2181.161,2179.779,2180.563,3.0165
2016-08-29 20:00:00,2180.533,2180.533,2180.215,2180.215,0.0012
2016-08-30 06:00:00,2179.888,2180.349,2178.846,2178.944,1.6645
2016-08-30 06:30:00,2178.925,2179.635,2178.623,2179.084,1.4606
2016-08-30 07:00:00,2179.12,2181.579,2178.516,2180.692,4.0196
2016-08-30 07:30:00,2180.705,2181.039,2179.799,2180.002,3.0675
2016-08-30 08:00:00,2180.06,2180.139,2178.631,2179.448,2.4763
2016-08-30 08:30:00,2179.441,2180.935,2179.177,2180.383,2.2556
2016-08-30 09:00:00,2180.321,2180.729,2179.499,2179.922,2.1851
2016-08-30 09:30:00,2179.914,2179.949,2178.657,2179.108,1.9289
2016-08-30 10:00:00,2179.121,2179.432,2177.669,2177.866,2.1439
2016-08-30 10:30:00,2177.919,2179.908,2177.608,2179.472,2.2304
2016-08-30 11:00:00,2179.407,2179.725,2179.086,2179.402,1.6989
2016-08-30 11:30:00,2179.371,2179.688,2178.677,2179.159,1.4467
2016-08-30 12:00:00,2179.136,2180.209,2178.909,2179.399,2.0903
2016-08-30 12:30:00,2179.404,2179.655,2178.478,2179.128,1.8964
2016-08-30 13:00:00,2179.37,2179.681,2178.746,2178.856,2.6922
2016-08-30 13:30:00,2178.821,2182.132,2178.112,2179.417,5.8234
2016-08-30 14:00:00,2179.468,2180.655,2173.78,2175.539,5.3902
2016-08-30 14:30:00,2175.608,2175.937,2172.253,2174.444,5.0642
2016-08-30 15:00:00,2174.485,2176.419,2173.455,2174.069,4.6174
2016-08-30 15:30:00,2174.114,2175.897,2173.167,2175.22,3.7927
2016-08-30 16:00:00,2175.374,2176.921,2175.131,2175.878,3.2264
2016-08-30 16:30:00,2175.864,2176.919,2174.696,2174.759,2.9247
2016-08-30 17:00:00,2174.739,2175.848,2174.038,2174.653,2.9527
2016-08-30 17:30:00,2174.702,2175.119,2172.664,2173.512,3.0152
2016-08-30 18:00:00,2173.454,2173.488,2169.541,2171.13,3.6926
2016-08-30 18:30:00,2171.073,2172.731,2169.898,2172.414,3.4892
2016-08-30 19:00:00,2172.417,2174.185,2171.205,2173.421,3.3324
2016-08-30 19:30:00,2173.427,2175.894,2172.633,2175.763,3.7251
2016-08-30 20:00:00,2175.837,2176.198,2175.779,2176.198,0.0031
2016-08-31 06:00:00,2174.992,2175.267,2174.053,2174.247,1.5645
2016-08-31 06:30:00,2174.211,2174.568,2172.951,2173.648,2.049
2016-08-31 07:00:00,2173.662,2175.151,2173.092,2174.759,3.6506
2016-08-31 07:30:00,2174.818,2176.376,2174.304,2176.095,3.5045
2016-08-31 08:00:00,2176.072,2176.402,2175.086,2176.057,2.7233
2016-08-31 08:30:00,2176.111,2176.165,2174.878,2174.966,2.1627
2016-08-31 09:00:00,2174.977,2176.013,2174.775,2175.84,2.1472
2016-08-31 09:30:00,2175.812,2176.51,2175.58,2175.851,1.9859
2016-08-31 10:00:00,2175.877,2175.898,2174.17,2174.336,1.8381
2016-08-31 10:30:00,2174.315,2175.375,2174.227,2175.181,1.6268
2016-08-31 11:00:00,2175.17,2176.235,2175.019,2175.377,1.6285
2016-08-31 11:30:00,2175.388,2175.727,2174.989,2175.256,1.3742
2016-08-31 12:00:00,2175.224,2175.415,2173.81,2173.839,2.067
2016-08-31 12:30:00,2173.892,2174.34,2172.081,2172.677,2.683
2016-08-31 13:00:00,2172.699,2173.366,2172.113,2172.41,2.5734
2016-08-31 13:30:00,2172.418,2173.21,2170.162,2171.837,5.4618
2016-08-31 14:00:00,2171.893,2172.903,2169.724,2170.884,5.3964
2016-08-31 14:30:00,2170.954,2170.955,2166.257,2166.333,5.0514
2016-08-31 15:00:00,2166.379,2167.692,2165.32,2167.67,4.8998
2016-08-31 15:30:00,2167.634,2167.815,2165.273,2165.968,3.9095
2016-08-31 16:00:00,2165.947,2165.97,2160.599,2161.743,4.464
2016-08-31 16:30:00,2161.738,2163.954,2160.111,2162.626,3.9255
2016-08-31 17:00:00,2162.646,2163.917,2160.734,2163.578,3.8696
2016-08-31 17:30:00,2163.614,2165.195,2162.388,2164.399,3.2878
2016-08-31 18:00:00,2164.349,2168.05,2164.141,2167.203,3.6438
2016-08-31 18:30:00,2167.186,2167.196,2164.164,2164.977,3.4294
2016-08-31 19:00:00,2164.951,2170.296,2164.848,2169.649,3.5963
2016-08-31 19:30:00,2169.651,2171.473,2168.787,2169.161,3.8412
2016-08-31 20:00:00,2169.173,2169.195,2169.173,2169.195,0.0012
2016-09-01 06:00:00,2174.476,2175.276,2174.393,2174.914,1.5102
2016-09-01 06:30:00,2174.921,2175.246,2174.628,2175.175,1.1474
2016-09-01 07:00:00,2175.175,2178.025,2174.831,2176.869,3.0343
2016-09-01 07:30:00,2176.873,2177.453,2175.726,2176.861,2.4222
2016-09-01 08:00:00,2176.861,2177.551,2175.873,2176.641,2.3897
2016-09-01 08:30:00,2176.641,2178.118,2175.886,2177.132,2.4023
2016-09-01 09:00:00,2177.112,2177.321,2174.3,2175.098,1.6911
2016-09-01 09:30:00,2175.101,2175.523,2172.539,2173.345,1.7607
2016-09-01 10:00:00,2173.344,2175.081,2172.72,2174.549,1.3553
2016-09-01 10:30:00,2175.111,2175.536,2173.799,2174.299,1.2527
2016-09-01 11:00:00,2174.847,2175.307,2173.469,2175.053,1.5007
2016-09-01 11:30:00,2175.054,2175.095,2173.55,2174.52,1.1906
2016-09-01 12:00:00,2174.532,2175.078,2172.969,2174.011,1.5136
2016-09-01 12:30:00,2173.962,2174.1,2170.289,2171.049,2.085
2016-09-01 13:00:00,2171.22,2172.565,2168.969,2169.22,2.1664
2016-09-01 13:30:00,2169.549,2173.591,2166.219,2168.602,4.0342
2016-09-01 14:00:00,2168.05,2170.828,2161.289,2162.022,4.3453
2016-09-01 14:30:00,2162.028,2162.033,2157.299,2159.039,3.6363
2016-09-01 15:00:00,2159.585,2161.861,2155.799,2161.603,3.3517
2016-09-01 15:30:00,2160.8,2161.897,2157.299,2160.555,2.9869
2016-09-01 16:00:00,2159.919,2167.868,2159.299,2166.55,2.8658
2016-09-01 16:30:00,2166.72,2169.977,2166.04,2166.821,2.6924
2016-09-01 17:00:00,2166.826,2169.365,2165.79,2168.374,2.5323
2016-09-01 17:30:00,2168.373,2169.279,2166.539,2167.331,2.5185
2016-09-01 18:00:00,2167.344,2167.573,2163.3,2166.539,2.882
2016-09-01 18:30:00,2166.72,2169.083,2165.05,2167.377,2.8519
2016-09-01 19:00:00,2167.382,2167.822,2163.049,2165.839,2.6926
2016-09-01 19:30:00,2165.832,2170.423,2164.549,2170.259,2.9062
2016-09-01 20:00:00,2170.259,2170.259,2169.62,2169.67,0.0012
2016-09-02 06:00:00,2167.956,2168.771,2167.744,2168.139,1.5052
2016-09-02 06:30:00,2168.139,2169.236,2168.01,2169.057,1.3202
2016-09-02 07:00:00,2169.098,2169.22,2165.986,2167.295,3.4916
2016-09-02 07:30:00,2167.382,2170.309,2167.313,2168.49,3.3523
2016-09-02 08:00:00,2168.501,2169.338,2167.52,2168.311,2.548
2016-09-02 08:30:00,2168.313,2169.543,2167.54,2168.332,2.4291
2016-09-02 09:00:00,2168.33,2170.516,2168.31,2170.281,2.3893
2016-09-02 09:30:00,2170.148,2170.151,2168.814,2169.392,1.8876
2016-09-02 10:00:00,2169.39,2169.854,2168.457,2168.772,1.6481
2016-09-02 10:30:00,2168.773,2170.563,2168.752,2169.463,1.5766
2016-09-02 11:00:00,2169.511,2170.223,2168.809,2169.079,1.7188
2016-09-02 11:30:00,2169.078,2169.578,2167.575,2167.831,1.8243
2016-09-02 12:00:00,2167.83,2168.105,2165.542,2167.099,2.5734
2016-09-02 12:30:00,2167.196,2176.087,2166.96,2175.616,4.7656
2016-09-02 13:00:00,2175.616,2180.11,2174.991,2180.11,3.8433
2016-09-02 13:30:00,2180.11,2184.777,2178.744,2183.569,5.1354
2016-09-02 14:00:00,2183.573,2184.813,2178.989,2181.756,4.7732
2016-09-02 14:30:00,2181.761,2182.01,2179.415,2179.804,4.361
2016-09-02 15:00:00,2179.814,2182.365,2178.357,2178.512,4.1759
2016-09-02 15:30:00,2178.523,2179.86,2177.796,2179.515,3.6638
2016-09-02 16:00:00,2179.517,2179.841,2173.88,2175.287,3.6078
2016-09-02 16:30:00,2175.296,2177.986,2175.094,2176.629,3.253
2016-09-02 17:00:00,2176.626,2177.548,2175.735,2176.39,3.3657
2016-09-02 17:30:00,2176.4,2176.525,2173.017,2174.372,3.4125
2016-09-02 18:00:00,2174.378,2177.547,2174.083,2176.858,3.411
2016-09-02 18:30:00,2176.849,2178.87,2176.256,2178.552,2.9524
2016-09-02 19:00:00,2178.571,2180.407,2177.849,2179.532,3.6037
2016-09-02 19:30:00,2179.536,2180.335,2177.814,2179.548,3.4529
2016-09-02 20:00:00,2179.528,2179.74,2179.369,2179.369,0.0018
2016-09-05 06:00:00,2182.867,2183.235,2182.277,2182.685,1.3035
2016-09-05 06:30:00,2182.693,2182.713,2181.911,2181.961,1.2808
2016-09-05 07:00:00,2181.96,2183.192,2180.913,2182.688,4.0837
2016-09-05 07:30:00,2182.685,2182.84,2180.678,2181.411,3.4445
2016-09-05 08:00:00,2181.408,2182.457,2181.161,2181.935,2.8609
2016-09-05 08:30:00,2181.948,2182.874,2181.767,2182.348,3.1273
2016-09-05 09:00:00,2182.364,2183.146,2181.644,2182.655,2.242
2016-09-05 09:30:00,2182.664,2182.713,2181.193,2181.278,3.1692
2016-09-05 10:00:00,2181.265,2181.504,2180.228,2180.886,2.3055
2016-09-05 10:30:00,2180.865,2181.44,2180.462,2181.192,1.9961
2016-09-05 11:00:00,2181.192,2181.609,2180.915,2180.969,1.5698
2016-09-05 11:30:00,2180.967,2181.222,2180.424,2180.918,2.0432
2016-09-05 12:00:00,2180.925,2181.067,2180.414,2180.716,1.5701
2016-09-05 12:30:00,2180.715,2180.929,2180.109,2180.197,1.736
2016-09-05 13:00:00,2180.198,2180.933,2179.91,2179.939,1.6433
2016-09-05 13:30:00,2179.939,2179.939,2178.396,2178.444,2.7196
2016-09-05 14:00:00,2178.466,2178.504,2176.347,2176.43,1.9266
2016-09-05 14:30:00,2176.43,2177.223,2176.163,2176.924,1.6903
2016-09-05 15:00:00,2176.926,2177.955,2176.889,2177.649,1.8729
2016-09-05 15:30:00,2177.675,2178.483,2177.4,2178.142,1.3923
2016-09-05 16:00:00,2178.149,2179.588,2177.916,2179.492,0.7995
2016-09-05 16:30:00,2179.496,2179.496,2179.384,2179.384,0.0038
2016-09-06 06:00:00,2180.464,2181.465,2180.399,2181.218,1.0452
2016-09-06 06:30:00,2181.218,2181.953,2181.155,2181.542,1.1249
2016-09-06 07:00:00,2181.542,2182.396,2180.675,2181.712,2.8424
2016-09-06 07:30:00,2181.722,2181.889,2179.839,2180.166,2.4233
2016-09-06 08:00:00,2180.195,2181.361,2180.157,2181.224,1.6983
2016-09-06 08:30:00,2181.217,2181.858,2180.963,2181.525,1.6996
2016-09-06 09:00:00,2181.524,2182.449,2181.256,2182.184,1.6735
2016-09-06 09:30:00,2182.192,2182.226,2181.735,2181.951,1.2117
2016-09-06 10:00:00,2181.934,2182.047,2180.567,2180.939,1.2904
2016-09-06 10:30:00,2180.943,2181.529,2180.475,2180.976,1.1753
2016-09-06 11:00:00,2181.02,2181.193,2180.103,2180.698,1.2204
2016-09-06 11:30:00,2180.697,2181.45,2180.64,2181.289,1.3186
2016-09-06 12:00:00,2181.295,2181.418,2180.558,2180.759,1.6397
2016-09-06 12:30:00,2180.747,2181.014,2179.948,2180.797,1.8802
2016-09-06 13:00:00,2180.781,2182.961,2180.739,2182.729,2.0048
2016-09-06 13:30:00,2182.729,2183.759,2180.357,2181.429,4.639
2016-09-06 14:00:00,2181.56,2182.772,2174.418,2176.158,5.0362
2016-09-06 14:30:00,2176.158,2177.895,2175.139,2176.772,3.9392
2016-09-06 15:00:00,2176.824,2179.552,2175.943,2179.186,3.9019
2016-09-06 15:30:00,2179.177,2182.496,2178.457,2182.4,3.6221
2016-09-06 16:00:00,2182.384,2183.109,2181.523,2182.248,2.9453
2016-09-06 16:30:00,2182.239,2184.531,2181.754,2183.02,2.2802
2016-09-06 17:00:00,2183.086,2183.421,2182.008,2182.028,1.3083
2016-09-06 17:30:00,2182.023,2183.325,2181.843,2182.505,1.4238
2016-09-06 18:00:00,2182.484,2183.433,2181.598,2182.899,2.1436
2016-09-06 18:30:00,2182.742,2183.523,2182.161,2183.519,1.951
2016-09-06 19:00:00,2183.497,2183.722,2181.786,2183.018,1.8633
2016-09-06 19:30:00,2183.001,2186.709,2182.392,2186.709,2.3274
2016-09-06 20:00:00,2186.709,2186.709,2186.319,2186.319,0.0009
2016-09-07 06:00:00,2185.97,2186.101,2185.09,2185.339,0.5767
2016-09-07 06:30:00,2185.244,2186.09,2185.1,2185.34,0.3925
2016-09-07 07:00:00,2185.302,2186.052,2183.52,2184.909,1.0963
2016-09-07 07:30:00,2184.909,2186.17,2184.589,2185.59,0.8418
2016-09-07 08:00:00,2185.59,2185.909,2184.589,2185.469,1.0012
2016-09-07 08:30:00,2185.4,2186.839,2185.069,2185.089,0.7947
2016-09-07 09:00:00,2185.089,2186.225,2184.545,2185.469,0.632
2016-09-07 09:30:00,2185.371,2185.669,2183.968,2184.059,0.7355
2016-09-07 10:00:00,2184.062,2184.669,2184.011,2184.05,0.8765
2016-09-07 10:30:00,2184.061,2184.919,2183.849,2183.85,0.637
2016-09-07 11:00:00,2183.821,2184.11,2183.014,2183.1,0.8534
2016-09-07 11:30:00,2183.027,2183.59,2182.845,2183.09,0.9079
2016-09-07 12:00:00,2183.34,2183.34,2182.282,2182.305,0.891
2016-09-07 12:30:00,2182.307,2184.359,2182.019,2184.1,0.8047
2016-09-07 13:00:00,2184.1,2184.149,2183.263,2183.52,0.7768
2016-09-07 13:30:00,2183.52,2186.149,2182.118,2184.849,1.1037
2016-09-07 14:00:00,2184.902,2187.369,2184.269,2187.099,1.1987
2016-09-07 14:30:00,2187.143,2187.369,2182.1,2183.099,0.9673
2016-09-07 15:00:00,2183.02,2183.92,2180.306,2181.1,0.8893
2016-09-07 15:30:00,2181.1,2182.17,2180.349,2182.099,0.8803
2016-09-07 16:00:00,2182.099,2182.6,2178.27,2179.599,0.8603
2016-09-07 16:30:00,2179.519,2181.669,2179.099,2180.35,0.9479
2016-09-07 17:00:00,2180.589,2182.669,2179.85,2181.849,0.9105
2016-09-07 17:30:00,2182.11,2183.1,2181.409,2182.35,0.7999
2016-09-07 18:00:00,2182.284,2184.6,2181.852,2183.97,0.9309
2016-09-07 18:30:00,2183.97,2184.849,2182.599,2184.1,0.8454
2016-09-07 19:00:00,2184.1,2185.6,2184.019,2184.52,0.8506
2016-09-07 19:30:00,2184.52,2185.809,2183.803,2185.809,1.0556
2016-09-07 20:00:00,2185.82,2186.1,2185.77,2185.77,0.0012
2016-09-08 06:00:00,2186.97,2187.539,2186.29,2187.04,0.4793
2016-09-08 06:30:00,2187.04,2187.47,2186.496,2186.801,0.5845
2016-09-08 07:00:00,2186.92,2189.04,2186.419,2188.79,1.0879
2016-09-08 07:30:00,2188.79,2189.539,2188.539,2188.579,0.7891
2016-09-08 08:00:00,2188.589,2190.04,2188.543,2189.539,0.641
2016-09-08 08:30:00,2189.461,2189.54,2188.289,2188.54,0.5223
2016-09-08 09:00:00,2188.54,2188.54,2187.789,2188.3,0.4924
2016-09-08 09:30:00,2188.3,2188.369,2187.469,2187.539,0.5318
2016-09-08 10:00:00,2187.58,2188.04,2187.187,2187.54,0.5563
2016-09-08 10:30:00,2187.502,2187.67,2186.544,2186.986,0.567
2016-09-08 11:00:00,2187.004,2187.04,2186.29,2186.539,0.7489
2016-09-08 11:30:00,2186.559,2186.6,2184.539,2184.654,0.8556
2016-09-08 12:00:00,2184.654,2185.8,2184.427,2185.469,0.6877
2016-09-08 12:30:00,2185.55,2186.8,2181.283,2182.549,1.3029
2016-09-08 13:00:00,2182.549,2182.8,2177.549,2181.591,1.0549
2016-09-08 13:30:00,2181.584,2182.05,2177.55,2178.55,1.6499
2016-09-08 14:00:00,2178.719,2180.55,2176.799,2179.29,1.1305
2016-09-08 14:30:00,2179.539,2183.54,2178.975,2181.17,1.0687
2016-09-08 15:00:00,2181.17,2184.79,2180.979,2182.799,1.6939
2016-09-08 15:30:00,2182.799,2183.56,2180.299,2182.55,0.8088
2016-09-08 16:00:00,2182.799,2183.3,2180.049,2181.049,0.7236
2016-09-08 16:30:00,2181.049,2181.8,2179.299,2181.3,1.0718
2016-09-08 17:00:00,2181.202,2181.55,2179.549,2179.799,0.8659
2016-09-08 17:30:00,2179.8,2180.05,2177.469,2180.049,0.933
2016-09-08 18:00:00,2180.049,2181.8,2178.799,2180.299,1.0589
2016-09-08 18:30:00,2180.299,2182.549,2179.703,2182.3,1.0908
2016-09-08 19:00:00,2182.47,2182.55,2180.782,2181.169,0.8084
2016-09-08 19:30:00,2181.169,2182.55,2180.55,2180.72,0.9994
2016-09-08 20:00:00,2180.67,2180.67,2180.22,2180.22,0.0016
2016-09-09 06:00:00,2178.04,2178.92,2177.376,2177.582,0.5157
2016-09-09 06:30:00,2177.597,2177.79,2177,2177,0.6249
2016-09-09 07:00:00,2177,2177.04,2175.039,2175.29,0.7568
2016-09-09 07:30:00,2175.29,2176.79,2175.022,2175.55,0.6845
2016-09-09 08:00:00,2175.55,2176.3,2175,2175.165,0.6247
2016-09-09 08:30:00,2175.163,2177.05,2175.056,2176.79,0.6477
2016-09-09 09:00:00,2176.79,2176.79,2176,2176.295,0.4536
2016-09-09 09:30:00,2176.303,2176.317,2175.112,2175.239,0.3357
2016-09-09 10:00:00,2175.239,2175.549,2173.728,2173.789,0.6807
2016-09-09 10:30:00,2173.789,2173.789,2172.25,2172.352,0.6517
2016-09-09 11:00:00,2172.799,2172.8,2171.303,2171.387,0.7787
2016-09-09 11:30:00,2171.386,2172.3,2168.624,2170.3,0.5968
2016-09-09 12:00:00,2170.3,2170.42,2165.049,2167.3,0.8229
2016-09-09 12:30:00,2167.357,2167.919,2165.406,2165.799,0.7586
2016-09-09 13:00:00,2165.799,2167.419,2164.719,2164.799,0.8346
2016-09-09 13:30:00,2164.642,2165.037,2158.049,2160.299,1.4086
2016-09-09 14:00:00,2160.05,2161.47,2156.8,2158.92,1.2843
2016-09-09 14:30:00,2158.92,2159.22,2152.47,2156.669,0.8011
2016-09-09 15:00:00,2156.469,2157.049,2153.669,2156.719,0.394
2016-09-09 15:30:00,2156.54,2156.969,2150.24,2151.3,0.2941
2016-09-09 16:00:00,2151.219,2152.8,2147.799,2149.469,0.379
2016-09-09 16:30:00,2149.549,2149.82,2147.27,2149.299,0.3773
2016-09-09 17:00:00,2149.42,2149.42,2142.88,2144.963,2.7959
2016-09-09 17:30:00,2144.985,2145.129,2138.636,2140.801,5.32
2016-09-09 18:00:00,2140.831,2140.838,2134.854,2140.361,6.0689
2016-09-09 18:30:00,2140.331,2141.852,2135.512,2139.121,5.7654
2016-09-09 19:00:00,2139.184,2140.126,2134.741,2138.535,5.9742
2016-09-09 19:30:00,2138.535,2139.029,2127.448,2127.681,6.4807
2016-09-09 20:00:00,2127.704,2128.369,2127.704,2128.369,0.0051
2016-09-12 06:00:00,2112.729,2114.109,2110.732,2111.704,1.5807
2016-09-12 06:30:00,2111.71,2116.008,2111.502,2112.322,1.6886
2016-09-12 07:00:00,2112.313,2115.328,2107.962,2115.326,3.0603
2016-09-12 07:30:00,2115.326,2115.335,2110.124,2110.176,2.2942
2016-09-12 08:00:00,2110.186,2112.34,2109.99,2109.99,1.9439
2016-09-12 08:30:00,2109.995,2111.508,2108.263,2110.971,2.0222
2016-09-12 09:00:00,2111.005,2113.224,2110.375,2112.534,1.4823
2016-09-12 09:30:00,2112.54,2113.297,2109.132,2110.1,1.4941
2016-09-12 10:00:00,2110.096,2110.442,2108.411,2109.305,1.5698
2016-09-12 10:30:00,2109.325,2111.34,2108.427,2110.862,1.3796
2016-09-12 11:00:00,2110.856,2112.117,2109.09,2110.234,1.515
2016-09-12 11:30:00,2110.238,2117.131,2109.99,2116.219,2.0773
2016-09-12 12:00:00,2116.196,2119.988,2114.906,2118.693,2.4525
2016-09-12 12:30:00,2118.693,2121.527,2117.421,2119.716,2.3532
2016-09-12 13:00:00,2119.698,2121.366,2118.751,2118.751,2.2967
2016-09-12 13:30:00,2118.779,2131.66,2118.194,2129.677,5.1382
2016-09-12 14:00:00,2129.75,2136.385,2129.008,2135.978,4.5228
2016-09-12 14:30:00,2135.996,2136.911,2130.598,2134.561,3.8138
2016-09-12 15:00:00,2134.613,2137.75,2133.878,2136.875,4.0741
2016-09-12 15:30:00,2136.849,2141.192,2134.279,2139.622,3.4711
2016-09-12 16:00:00,2139.666,2139.932,2137.372,2139.562,3.0382
2016-09-12 16:30:00,2139.562,2145.486,2139.497,2144.683,3.4747
2016-09-12 17:00:00,2144.685,2150.996,2139.22,2139.838,4.1677
2016-09-12 17:30:00,2139.886,2151.079,2138.213,2150.167,4.7231
2016-09-12 18:00:00,2150.108,2158.199,2149.757,2155.659,3.9965
2016-09-12 18:30:00,2155.659,2161.394,2155.561,2158.344,3.5226
2016-09-12 19:00:00,2158.356,2161.231,2157.037,2159.634,3.3411
2016-09-12 19:30:00,2159.625,2163.378,2157.371,2158.856,3.8985
2016-09-12 20:00:00,2158.856,2159.169,2158.856,2158.92,0.0033
2016-09-13 06:00:00,2150.719,2150.719,2147.533,2148.991,1.6775
2016-09-13 06:30:00,2148.991,2149.128,2147.392,2147.547,1.5032
2016-09-13 07:00:00,2147.523,2148.786,2143.876,2144.132,3.2317
2016-09-13 07:30:00,2144.132,2146.044,2143.527,2146.022,2.7872
2016-09-13 08:00:00,2146.022,2146.036,2142.592,2144.34,2.3635
2016-09-13 08:30:00,2144.34,2144.501,2142.652,2144.116,2.1913
2016-09-13 09:00:00,2144.113,2145.716,2143.729,2145.23,1.8085
2016-09-13 09:30:00,2145.228,2145.55,2143.755,2145.019,1.6138
2016-09-13 10:00:00,2145.019,2146.419,2144.835,2146.134,1.5389
2016-09-13 10:30:00,2146.124,2147.552,2145.942,2147.032,1.7275
2016-09-13 11:00:00,2147.032,2147.151,2144.302,2144.418,1.3815
2016-09-13 11:30:00,2144.413,2144.863,2142.718,2144.448,1.638
2016-09-13 12:00:00,2144.445,2145.7,2143.899,2144.165,1.5048
2016-09-13 12:30:00,2144.16,2144.16,2141.08,2142.205,2.0252
2016-09-13 13:00:00,2142.224,2143.787,2139.638,2142.386,2.3801
2016-09-13 13:30:00,2142.373,2145.407,2134.831,2134.916,5.6799
2016-09-13 14:00:00,2134.988,2136.383,2130.725,2131.932,5.0659
2016-09-13 14:30:00,2131.932,2136.104,2128.62,2129.361,4.4081
2016-09-13 15:00:00,2129.339,2130.041,2124.339,2125.153,3.9195
2016-09-13 15:30:00,2125.21,2127.398,2122.743,2126.422,4.2327
2016-09-13 16:00:00,2126.379,2131.641,2124.968,2125.291,4.3389
2016-09-13 16:30:00,2125.253,2127.099,2120.61,2122.342,3.5082
2016-09-13 17:00:00,2122.318,2133.359,2119.118,2132.633,4.5313
2016-09-13 17:30:00,2132.628,2135.959,2124.561,2126.369,4.6636
2016-09-13 18:00:00,2126.239,2127.407,2122.356,2122.583,4.0613
2016-09-13 18:30:00,2122.641,2129.073,2120.728,2123.64,4.4779
2016-09-13 19:00:00,2123.642,2129.656,2120.508,2128.398,4.5676
2016-09-13 19:30:00,2128.432,2132.77,2123.021,2126.304,5.4469
2016-09-13 20:00:00,2126.296,2127.04,2126.296,2127.04,0.0062
2016-09-14 06:00:00,2133.766,2134.282,2132.446,2134.16,1.1607
2016-09-14 06:30:00,2134.16,2135.68,2134,2135.5,1.2069
2016-09-14 07:00:00,2135.5,2135.724,2130.844,2132.65,2.717
2016-09-14 07:30:00,2132.696,2132.794,2128.357,2130.139,2.1807
2016-09-14 08:00:00,2130.139,2134.7,2130.074,2134.031,1.8047
2016-09-14 08:30:00,2134.043,2136.524,2133.678,2134.724,1.5798
2016-09-14 09:00:00,2134.715,2134.77,2129.355,2130.521,1.8617
2016-09-14 09:30:00,2130.549,2132.259,2130.001,2132.044,1.3154
2016-09-14 10:00:00,2132.051,2132.226,2130.381,2132.02,1.1745
2016-09-14 10:30:00,2132.039,2132.272,2130.523,2130.599,0.946
2016-09-14 11:00:00,2130.627,2135.603,2130.6,2134.706,1.1915
2016-09-14 11:30:00,2134.684,2134.812,2132.547,2133.079,1.1717
2016-09-14 12:00:00,2133.115,2134.201,2131.447,2133.241,1.5321
2016-09-14 12:30:00,2133.256,2134.209,2132.503,2132.963,1.7866
2016-09-14 13:00:00,2132.934,2133.222,2125.406,2127.348,2.182
2016-09-14 13:30:00,2127.391,2132.302,2124.561,2129.695,5.5589
2016-09-14 14:00:00,2129.742,2138.846,2128.861,2137.742,4.2165
2016-09-14 14:30:00,2137.742,2141.325,2130.186,2132.013,4.782
2016-09-14 15:00:00,2131.976,2136.168,2129.09,2133.932,4.7395
2016-09-14 15:30:00,2133.997,2135.074,2130.352,2134.447,4.2087
2016-09-14 16:00:00,2134.447,2136.627,2132.384,2135.187,3.5171
2016-09-14 16:30:00,2135.187,2135.788,2130.585,2132.138,3.0813
2016-09-14 17:00:00,2132.155,2133.705,2130.827,2132.589,3.0546
2016-09-14 17:30:00,2132.581,2134.19,2127.056,2128.167,3.4312
2016-09-14 18:00:00,2128.168,2129.457,2122.2,2126.233,3.7415
2016-09-14 18:30:00,2126.267,2128.611,2124.578,2127.638,3.8888
2016-09-14 19:00:00,2127.667,2128.404,2119.117,2119.331,3.4583
2016-09-14 19:30:00,2119.297,2126.39,2119.297,2125.724,4.0166
2016-09-14 20:00:00,2125.495,2125.495,2125.299,2125.419,0.0024
2016-09-15 06:00:00,2121.452,2123.18,2121.421,2122.838,0.7032
2016-09-15 06:30:00,2122.838,2122.838,2119.416,2120.574,0.687
2016-09-15 07:00:00,2120.635,2124.376,2118.473,2122.57,2.0333
2016-09-15 07:30:00,2122.55,2124.034,2120.813,2121.898,1.7036
2016-09-15 08:00:00,2121.898,2124.288,2121.353,2122.049,1.3853
2016-09-15 08:30:00,2122.049,2124.31,2120.899,2124.133,1.158
2016-09-15 09:00:00,2124.133,2125.33,2123.063,2124.639,0.9152
2016-09-15 09:30:00,2124.639,2127.53,2124.153,2126.956,0.9837
2016-09-15 10:00:00,2126.941,2127.336,2125.36,2126.386,0.9627
2016-09-15 10:30:00,2126.386,2129.866,2126.053,2128.822,0.884
2016-09-15 11:00:00,2128.822,2129.063,2124.019,2125.122,1.1577
2016-09-15 11:30:00,2125.126,2127.704,2124.27,2127.485,1.033
2016-09-15 12:00:00,2127.479,2129.595,2127.03,2129.234,1.094
2016-09-15 12:30:00,2129.234,2131.211,2122.623,2123.138,2.1304
2016-09-15 13:00:00,2123.107,2123.99,2120.012,2123.377,1.4831
2016-09-15 13:30:00,2123.266,2129.552,2121.811,2127.386,3.763
2016-09-15 14:00:00,2127.386,2134.756,2125.101,2132.698,2.9137
2016-09-15 14:30:00,2132.698,2138.192,2130.879,2138.118,2.5293
2016-09-15 15:00:00,2137.985,2143.35,2137.98,2142.788,2.1618
2016-09-15 15:30:00,2142.82,2144.646,2140.863,2141.019,2.1998
2016-09-15 16:00:00,2141.019,2143.454,2140.691,2141.207,1.8787
2016-09-15 16:30:00,2141.102,2141.609,2137.09,2138.773,1.9096
2016-09-15 17:00:00,2138.773,2142.258,2138.32,2140.879,2.1254
2016-09-15 17:30:00,2140.879,2147.465,2140.866,2147.31,1.8537
2016-09-15 18:00:00,2147.31,2151.112,2146.808,2149.955,1.7419
2016-09-15 18:30:00,2149.955,2150.542,2148.101,2149.036,2.2728
2016-09-15 19:00:00,2149.036,2150.805,2145.579,2147.256,2.5906
2016-09-15 19:30:00,2147.251,2149.763,2145.812,2146.861,2.9809
2016-09-15 20:00:00,2146.861,2146.861,2146.27,2146.39,0.002
2016-09-16 06:00:00,2141.479,2141.718,2140.446,2141.28,1.3025
2016-09-16 06:30:00,2141.304,2142.259,2140.588,2140.797,1.0747
2016-09-16 07:00:00,2140.489,2142.705,2139.286,2141.969,2.0293
2016-09-16 07:30:00,2142.09,2142.269,2140.147,2140.269,1.805
2016-09-16 08:00:00,2140.337,2140.581,2139.088,2139.261,1.9352
2016-09-16 08:30:00,2139.196,2139.271,2136.189,2138.014,2.4074
2016-09-16 09:00:00,2138.014,2140.539,2137.771,2138.842,2.2521
2016-09-16 09:30:00,2138.852,2140.792,2138.616,2138.734,2.1399
2016-09-16 10:00:00,2138.692,2138.971,2133.834,2134.292,2.6544
2016-09-16 10:30:00,2133.999,2135.339,2133.127,2135.314,2.8985
2016-09-16 11:00:00,2135.314,2136.13,2133.683,2134.654,2.8613
2016-09-16 11:30:00,2134.649,2136.046,2134.377,2135.13,2.1315
2016-09-16 12:00:00,2135.159,2141.626,2135.131,2139.752,2.8068
2016-09-16 12:30:00,2139.756,2140.539,2135.854,2140.448,3.823
2016-09-16 13:00:00,2140.448,2142.69,2137.256,2138.119,0.29
2016-09-16 13:30:00,2137.869,2138.7,2133.26,2136.87,2.5716
2016-09-16 14:00:00,2136.864,2137.246,2130.62,2133.41,2.7756
2016-09-16 14:30:00,2133.379,2139.977,2132.692,2135.994,2.7309
2016-09-16 15:00:00,2135.873,2136.342,2132.689,2134.229,2.6995
2016-09-16 15:30:00,2134.214,2138.725,2133.376,2136.989,2.7603
2016-09-16 16:00:00,2136.979,2139.483,2135.84,2138.468,2.3508
2016-09-16 16:30:00,2138.516,2139.24,2135.773,2135.817,2.4134
2016-09-16 17:00:00,2135.798,2137.238,2134.212,2134.511,2.4602
2016-09-16 17:30:00,2134.501,2135.15,2130.35,2132.929,2.3503
2016-09-16 18:00:00,2132.738,2136.096,2131.428,2135.471,2.5148
2016-09-16 18:30:00,2135.486,2138.467,2135.058,2135.33,2.4872
2016-09-16 19:00:00,2135.305,2138.416,2135.004,2137.534,2.518
2016-09-16 19:30:00,2137.534,2141.823,2137.534,2138.852,2.6946
2016-09-16 20:00:00,2137.27,2137.27,2137.27,2137.27,0.0002
2016-09-19 06:00:00,2146.946,2149.36,2146.94,2148.046,1.483
2016-09-19 06:30:00,2148.005,2148.832,2147.939,2148.428,0.9503
2016-09-19 07:00:00,2148.428,2149.113,2146.643,2148.376,2.6836
2016-09-19 07:30:00,2148.361,2151.069,2148.347,2149.216,2.1008
2016-09-19 08:00:00,2149.216,2149.216,2147.808,2148.831,1.7193
2016-09-19 08:30:00,2148.857,2150.666,2148.838,2149.292,1.715
2016-09-19 09:00:00,2149.292,2151.383,2148.997,2150.718,1.5846
2016-09-19 09:30:00,2150.704,2150.794,2148.808,2148.899,1.2073
2016-09-19 10:00:00,2148.904,2148.943,2148.441,2148.679,0.9572
2016-09-19 10:30:00,2148.661,2149.136,2148.147,2148.329,1.0424
2016-09-19 11:00:00,2148.312,2149.087,2147.411,2148.99,1.2691
2016-09-19 11:30:00,2148.99,2150.346,2148.631,2149.599,1.2924
2016-09-19 12:00:00,2149.598,2150.204,2149.182,2149.955,1.4027
2016-09-19 12:30:00,2149.956,2150.611,2148.307,2148.442,1.6205
2016-09-19 13:00:00,2148.443,2148.494,2145.85,2146.178,1.9901
2016-09-19 13:30:00,2146.178,2153.041,2145.981,2152.692,4.0626
2016-09-19 14:00:00,2152.692,2153.806,2150.077,2150.896,3.6748
2016-09-19 14:30:00,2150.764,2151.723,2147.651,2148.65,3.2085
2016-09-19 15:00:00,2148.661,2150.025,2147.947,2149.163,3.2642
2016-09-19 15:30:00,2149.163,2150.931,2148.018,2150.38,3.3097
2016-09-19 16:00:00,2150.38,2150.806,2142.196,2143.723,3.2646
2016-09-19 16:30:00,2143.724,2144.632,2141.252,2141.591,2.685
2016-09-19 17:00:00,2141.591,2143.146,2140.158,2140.961,3.1213
2016-09-19 17:30:00,2140.946,2140.946,2135.148,2139.99,3.3006
2016-09-19 18:00:00,2139.989,2143.535,2139.498,2142.894,3.1924
2016-09-19 18:30:00,2142.933,2146.193,2142.755,2145.935,3.0135
2016-09-19 19:00:00,2145.929,2146.152,2139.944,2140.496,3.1747
2016-09-19 19:30:00,2140.623,2141.598,2137.493,2138.282,3.8387
2016-09-19 20:00:00,2138.551,2138.92,2138.551,2138.739,0.0028
2016-09-20 06:00:00,2144.22,2145.418,2144.168,2144.869,0.8487
2016-09-20 06:30:00,2144.935,2145.336,2144.424,2144.678,0.8122
2016-09-20 07:00:00,2144.68,2146.43,2143.361,2144.459,1.8072
2016-09-20 07:30:00,2144.443,2146.782,2144.164,2146.216,1.8195
2016-09-20 08:00:00,2146.215,2146.474,2143.281,2143.698,1.3911
2016-09-20 08:30:00,2143.699,2144.91,2143.279,2144.854,1.3655
2016-09-20 09:00:00,2144.865,2146.043,2144.339,2145.644,1.1703
2016-09-20 09:30:00,2145.658,2148.032,2145.599,2147.955,1.1254
2016-09-20 10:00:00,2147.955,2149.33,2146.718,2147.117,1.1824
2016-09-20 10:30:00,2147.117,2148.938,2147.117,2148.102,1.3473
2016-09-20 11:00:00,2148.09,2149.135,2147.416,2149.13,1.0767
2016-09-20 11:30:00,2149.118,2149.168,2146.697,2147.177,1.1882
2016-09-20 12:00:00,2147.187,2148.706,2146.969,2148.423,1.2612
2016-09-20 12:30:00,2148.42,2149.701,2146.938,2147.973,1.6727
2016-09-20 13:00:00,2147.922,2149.356,2147.559,2149.16,1.5955
2016-09-20 13:30:00,2149.16,2150.407,2145.238,2148.449,3.0564
2016-09-20 14:00:00,2148.612,2150.834,2146.142,2147.196,2.5682
2016-09-20 14:30:00,2147.205,2147.599,2142.303,2144.069,2.5511
2016-09-20 15:00:00,2144.08,2147.291,2143.905,2144.863,2.3671
2016-09-20 15:30:00,2144.863,2145.809,2142.625,2142.892,2.1756
2016-09-20 16:00:00,2142.898,2145.121,2141.684,2144.64,2.0733
2016-09-20 16:30:00,2144.64,2144.664,2139.255,2139.539,1.9438
2016-09-20 17:00:00,2139.542,2141.619,2138.664,2141.357,1.9399
2016-09-20 17:30:00,2141.36,2144.295,2140.445,2143.683,1.9674
2016-09-20 18:00:00,2143.687,2144.821,2142.09,2143.102,1.9705
2016-09-20 18:30:00,2143.114,2145.804,2142.66,2144.861,1.7694
2016-09-20 19:00:00,2144.867,2146.093,2143.603,2144.79,1.9285
2016-09-20 19:30:00,2144.793,2145.073,2139.032,2139.086,2.0803
2016-09-20 20:00:00,2138.787,2139.02,2138.769,2139.02,0.0019
2016-09-21 06:00:00,2145.519,2149.36,2145.519,2147.562,0.9352
2016-09-21 06:30:00,2147.562,2148.754,2146.63,2148.754,0.8132
2016-09-21 07:00:00,2148.754,2151.182,2148.281,2149.095,1.3831
2016-09-21 07:30:00,2149.106,2150.166,2147.24,2148.22,1.0908
2016-09-21 08:00:00,2148.182,2148.196,2145.406,2146.163,0.8124
2016-09-21 08:30:00,2146.166,2147.425,2145.896,2146.666,0.7237
2016-09-21 09:00:00,2146.686,2147.493,2145.195,2145.9,0.7226
2016-09-21 09:30:00,2145.932,2146.634,2145.671,2146.099,0.7289
2016-09-21 10:00:00,2146.012,2147.172,2145.849,2147.159,0.7164
2016-09-21 10:30:00,2147.186,2148.041,2146.24,2147.441,0.739
2016-09-21 11:00:00,2147.413,2148.148,2147.162,2147.651,0.7193
2016-09-21 11:30:00,2147.658,2147.84,2145.468,2146.114,0.7467
2016-09-21 12:00:00,2146.089,2146.35,2144.589,2145.978,0.8998
2016-09-21 12:30:00,2145.919,2146.1,2143.72,2143.767,1.0213
2016-09-21 13:00:00,2143.74,2146.84,2143.578,2146.805,1.203
2016-09-21 13:30:00,2146.805,2150.229,2146.701,2150.154,2.0936
2016-09-21 14:00:00,2150.132,2151.599,2148.44,2149.329,1.8851
2016-09-21 14:30:00,2149.769,2150.91,2146.6,2146.6,1.979
2016-09-21 15:00:00,2146.6,2147.669,2144.705,2146.604,1.7171
2016-09-21 15:30:00,2146.633,2146.861,2144.313,2145.769,1.5119
2016-09-21 16:00:00,2145.798,2146.399,2139.454,2140.64,1.7744
2016-09-21 16:30:00,2140.64,2143.35,2138.812,2143.175,1.4872
2016-09-21 17:00:00,2143.149,2144.599,2140.832,2141.386,1.3026
2016-09-21 17:30:00,2141.386,2144.85,2140.896,2142.841,1.3402
2016-09-21 18:00:00,2142.841,2153.345,2140.719,2143.97,2.9191
2016-09-21 18:30:00,2143.904,2154.426,2143.419,2153.6,2.4168
2016-09-21 19:00:00,2153.584,2159.36,2151.804,2157.97,1.9884
2016-09-21 19:30:00,2158.089,2164.7,2158.089,2162.6,1.7338
2016-09-21 20:00:00,2162.411,2162.72,2162.27,2162.72,0.0014
2016-09-22 06:00:00,2161.594,2161.598,2160.09,2161.036,0.7944
2016-09-22 06:30:00,2161.036,2162.677,2160.451,2162.66,0.6902
2016-09-22 07:00:00,2162.66,2163.598,2162.09,2163.127,1.5346
2016-09-22 07:30:00,2163.127,2164.021,2162.321,2163.6,1.0092
2016-09-22 08:00:00,2163.6,2164.563,2162.783,2163.603,0.9351
2016-09-22 08:30:00,2163.603,2165.004,2163.602,2164.686,1.0067
2016-09-22 09:00:00,2164.68,2169.589,2164.521,2168.946,1.2415
2016-09-22 09:30:00,2168.948,2169.748,2168.497,2169.095,1.0859
2016-09-22 10:00:00,2169.074,2171.467,2169.061,2170.969,1.1447
2016-09-22 10:30:00,2170.958,2171.18,2168.95,2169.154,1.0006
2016-09-22 11:00:00,2169.15,2170.888,2168.987,2170.824,0.9219
2016-09-22 11:30:00,2170.815,2171.958,2170.553,2171.821,1.0764
2016-09-22 12:00:00,2171.818,2172.708,2170.231,2172.31,1.1888
2016-09-22 12:30:00,2172.327,2173.874,2171.618,2172.994,1.3241
2016-09-22 13:00:00,2173.006,2174.819,2172.678,2174.724,1.4266
2016-09-22 13:30:00,2174.719,2178.806,2173.864,2177.775,1.7742
2016-09-22 14:00:00,2177.753,2177.983,2174.894,2177.59,1.5419
2016-09-22 14:30:00,2177.532,2179.899,2176.201,2176.228,1.5096
2016-09-22 15:00:00,2176.089,2176.681,2173.22,2173.934,1.5365
2016-09-22 15:30:00,2173.941,2175.473,2173.5,2174.196,1.5232
2016-09-22 16:00:00,2174.27,2175.922,2173.72,2175.688,1.5204
2016-09-22 16:30:00,2175.707,2176.724,2174.8,2176.53,1.3225
2016-09-22 17:00:00,2176.698,2178.93,2176.429,2177.239,1.3669
2016-09-22 17:30:00,2177.227,2178.907,2176.742,2177.484,1.3856
2016-09-22 18:00:00,2177.486,2178.214,2171.746,2173.521,1.4442
2016-09-22 18:30:00,2173.521,2177.586,2171.946,2177.566,1.5004
2016-09-22 19:00:00,2177.566,2178.503,2176.071,2176.69,1.3559
2016-09-22 19:30:00,2176.692,2179.456,2176.108,2176.411,1.5316
2016-09-22 20:00:00,2176.411,2176.411,2175.769,2175.839,0.0014
2016-09-23 06:00:00,2175.106,2175.108,2174.24,2174.54,0.4243
2016-09-23 06:30:00,2174.511,2175.407,2174.486,2175.169,0.3897
2016-09-23 07:00:00,2175.074,2176.8,2173.383,2173.47,0.8969
2016-09-23 07:30:00,2173.47,2173.851,2171.885,2173.137,1.1294
2016-09-23 08:00:00,2173.149,2173.568,2170.868,2171.365,1.0813
2016-09-23 08:30:00,2171.354,2172.258,2171.257,2171.386,0.943
2016-09-23 09:00:00,2171.388,2172.84,2171.369,2172.622,0.7301
2016-09-23 09:30:00,2172.627,2174.133,2172.241,2172.669,0.9474
2016-09-23 10:00:00,2172.669,2174.013,2172.115,2172.857,0.8379
2016-09-23 10:30:00,2172.886,2173.555,2171.584,2171.831,0.7687
2016-09-23 11:00:00,2171.843,2172.839,2171.387,2171.435,0.8794
2016-09-23 11:30:00,2171.441,2172.39,2170.954,2171.749,0.9185
2016-09-23 12:00:00,2171.749,2172.577,2171.663,2172.459,0.858
2016-09-23 12:30:00,2172.457,2174.219,2171.959,2173.874,0.8863
2016-09-23 13:00:00,2173.883,2174.333,2171.779,2171.779,1.0321
2016-09-23 13:30:00,2171.761,2173.605,2169.401,2170.558,1.701
2016-09-23 14:00:00,2170.56,2172.22,2169.402,2171.326,1.7473
2016-09-23 14:30:00,2171.323,2172.691,2170.143,2171.692,1.7943
2016-09-23 15:00:00,2171.667,2172.874,2170.039,2171.132,1.1721
2016-09-23 15:30:00,2171.122,2172.79,2169.074,2169.669,1.4855
2016-09-23 16:00:00,2169.583,2170.843,2169.231,2170.783,1.3242
2016-09-23 16:30:00,2170.748,2171.056,2169.04,2169.844,1.0509
2016-09-23 17:00:00,2169.833,2170.04,2167.29,2168.385,1.3064
2016-09-23 17:30:00,2168.376,2168.585,2163.67,2164.289,1.2442
2016-09-23 18:00:00,2164.289,2167.299,2163.742,2166.799,1.4952
2016-09-23 18:30:00,2166.792,2167.816,2165.719,2167.719,1.1075
2016-09-23 19:00:00,2167.613,2168.834,2165.822,2168.477,1.298
2016-09-23 19:30:00,2168.501,2170.354,2164.396,2164.55,1.4643
2016-09-23 20:00:00,2164.619,2164.799,2164.619,2164.799,0.0007
2016-09-26 06:00:00,2160.8,2162.091,2160.47,2161.039,0.2657
2016-09-26 06:30:00,2161.039,2162.04,2160.789,2161.789,0.2603
2016-09-26 07:00:00,2161.92,2161.92,2156.6,2156.983,0.9123
2016-09-26 07:30:00,2156.983,2157.29,2151.72,2154.169,1.1539
2016-09-26 08:00:00,2154.169,2155.039,2151.719,2153.92,0.943
2016-09-26 08:30:00,2153.969,2155.169,2153.22,2154.719,0.4415
2016-09-26 09:00:00,2154.719,2155.799,2153.97,2154.47,0.3928
2016-09-26 09:30:00,2154.47,2154.549,2152.86,2153.549,0.3813
2016-09-26 10:00:00,2153.469,2156.549,2153.469,2156.549,0.4259
2016-09-26 10:30:00,2156.549,2156.55,2155.016,2155.72,0.7334
2016-09-26 11:00:00,2155.631,2156.55,2155.143,2156.363,0.9287
2016-09-26 11:30:00,2156.363,2157.099,2155.615,2156.364,1.1006
2016-09-26 12:00:00,2156.362,2157.3,2155.98,2156.469,1.1631
2016-09-26 12:30:00,2156.469,2156.615,2154.646,2155.343,1.0334
2016-09-26 13:00:00,2155.348,2156.605,2154.8,2155.329,1.177
2016-09-26 13:30:00,2155.329,2156.334,2148.969,2150.461,1.706
2016-09-26 14:00:00,2150.461,2156.05,2149.282,2153.078,1.6025
2016-09-26 14:30:00,2153.079,2156.843,2153.025,2153.55,1.5614
2016-09-26 15:00:00,2153.486,2154.05,2149.382,2149.629,1.525
2016-09-26 15:30:00,2149.632,2150.881,2147.614,2149.674,1.7366
2016-09-26 16:00:00,2149.631,2151.323,2148.866,2150.649,1.6298
2016-09-26 16:30:00,2150.655,2152.648,2148.831,2151.077,1.9319
2016-09-26 17:00:00,2151.094,2151.132,2146.939,2147.306,1.8916
2016-09-26 17:30:00,2147.33,2148.067,2145.336,2147.299,1.5923
2016-09-26 18:00:00,2147.3,2149.135,2146.909,2148.645,1.573
2016-09-26 18:30:00,2148.637,2148.661,2145.426,2146.55,1.5426
2016-09-26 19:00:00,2146.55,2148.981,2145.744,2148.128,1.4809
2016-09-26 19:30:00,2148.299,2149.637,2144.412,2146.542,1.6796
2016-09-26 20:00:00,2146.419,2146.542,2146.219,2146.299,0.0012
2016-09-27 06:00:00,2159.289,2160.04,2158.979,2159.67,0.2965
2016-09-27 06:30:00,2159.67,2160.56,2159.54,2160.29,0.2857
2016-09-27 07:00:00,2160.299,2161.29,2157.539,2157.79,0.6098
2016-09-27 07:30:00,2157.79,2158.859,2155.539,2156.04,0.4598
2016-09-27 08:00:00,2156.05,2156.859,2155.169,2156.039,0.2621
2016-09-27 08:30:00,2156.056,2156.84,2152.3,2152.549,0.3772
2016-09-27 09:00:00,2152.669,2152.829,2148.741,2149.745,1.1162
2016-09-27 09:30:00,2149.54,2151.829,2148.453,2151.299,0.4304
2016-09-27 10:00:00,2151.299,2151.669,2150.05,2151.082,0.2575
2016-09-27 10:30:00,2151.053,2153.069,2150.549,2153.039,0.3023
2016-09-27 11:00:00,2153.04,2153.62,2150.789,2151.539,0.3358
2016-09-27 11:30:00,2151.539,2151.869,2150.456,2151.539,0.2884
2016-09-27 12:00:00,2151.539,2152.79,2148.79,2149.29,0.3006
2016-09-27 12:30:00,2149.29,2149.84,2145.539,2147.54,0.3331
2016-09-27 13:00:00,2147.464,2147.72,2142.799,2144.55,0.5214
2016-09-27 13:30:00,2144.799,2151.289,2140.47,2151.17,1.1683
2016-09-27 14:00:00,2151.169,2155.79,2151.04,2152.539,0.8906
2016-09-27 14:30:00,2152.54,2152.87,2145.969,2146.789,0.6679
2016-09-27 15:00:00,2146.97,2153.54,2146.919,2153.289,0.6614
2016-09-27 15:30:00,2153.04,2155.54,2153.039,2154.534,0.6259
2016-09-27 16:00:00,2154.534,2160.289,2153.049,2158.79,0.6206
2016-09-27 16:30:00,2158.879,2159.669,2157.289,2159.539,0.4807
2016-09-27 17:00:00,2159.473,2160.54,2158.049,2160.039,0.3775
2016-09-27 17:30:00,2160.22,2161.29,2158.54,2159.299,0.3904
2016-09-27 18:00:00,2159.219,2160.3,2158.05,2159.695,0.5821
2016-09-27 18:30:00,2159.669,2160.299,2157.539,2158.29,0.4358
2016-09-27 19:00:00,2158.29,2159.79,2156.97,2157.97,0.4927
2016-09-27 19:30:00,2157.97,2160.04,2156.47,2160.04,0.5674
2016-09-27 20:00:00,2160.17,2160.22,2159.969,2160.22,0.001
2016-09-28 06:00:00,2157.719,2157.8,2156.51,2157.05,0.3896
2016-09-28 06:30:00,2157.05,2159.04,2156.789,2159.039,0.3391
2016-09-28 07:00:00,2159.169,2163.79,2158.919,2163.29,0.758
2016-09-28 07:30:00,2163.29,2163.79,2161.789,2163.05,0.4451
2016-09-28 08:00:00,2163.05,2164.8,2162.289,2162.79,0.4287
2016-09-28 08:30:00,2162.79,2163.67,2161.539,2162.29,0.4282
2016-09-28 09:00:00,2162.29,2163.209,2155.514,2155.517,0.5552
2016-09-28 09:30:00,2155.513,2156.8,2155.048,2156.549,0.3708
2016-09-28 10:00:00,2156.549,2157.8,2155.952,2157.549,0.408
2016-09-28 10:30:00,2157.549,2160.29,2157.251,2159.541,0.3938
2016-09-28 11:00:00,2159.266,2160.29,2158.717,2159.806,0.4242
2016-09-28 11:30:00,2159.797,2161.29,2158.537,2159.789,0.4608
2016-09-28 12:00:00,2159.789,2161.3,2159.539,2160.169,0.4243
2016-09-28 12:30:00,2160.169,2161.299,2158.825,2159.289,0.4413
2016-09-28 13:00:00,2159.039,2162.549,2159.032,2162.469,0.5713
2016-09-28 13:30:00,2162.299,2164.049,2160.669,2161.54,0.8473
2016-09-28 14:00:00,2161.54,2163.79,2158.539,2159.919,0.8088
2016-09-28 14:30:00,2159.97,2161.29,2153.542,2154.799,0.8875
2016-09-28 15:00:00,2154.67,2154.67,2151.049,2154.05,0.7907
2016-09-28 15:30:00,2154.05,2156.55,2151.799,2156.05,0.6737
2016-09-28 16:00:00,2156.05,2157.8,2154.049,2155.549,0.6914
2016-09-28 16:30:00,2155.549,2157.8,2153.55,2156.299,0.6684
2016-09-28 17:00:00,2156.299,2157.8,2154.22,2157.47,0.6099
2016-09-28 17:30:00,2157.47,2160.55,2157.47,2159.55,0.6159
2016-09-28 18:00:00,2159.55,2169.3,2158.351,2168.049,0.7674
2016-09-28 18:30:00,2168.049,2170.039,2165.79,2168.789,0.7783
2016-09-28 19:00:00,2168.789,2169.04,2166.022,2166.539,0.6129
2016-09-28 19:30:00,2166.72,2172.289,2165.549,2170.719,0.6343
2016-09-28 20:00:00,2170.899,2170.899,2170.17,2170.22,0.0019
2016-09-29 06:00:00,2173.17,2173.79,2172.289,2172.469,0.2434
2016-09-29 06:30:00,2172.54,2172.79,2171.039,2171.54,0.2838
2016-09-29 07:00:00,2171.539,2172.54,2169.299,2172.039,0.5869
2016-09-29 07:30:00,2172.219,2172.789,2170.382,2171.29,0.3921
2016-09-29 08:00:00,2171.29,2173.04,2170.431,2170.87,0.4867
2016-09-29 08:30:00,2170.87,2171.427,2169.475,2170.92,0.4859
2016-09-29 09:00:00,2170.92,2171.8,2170.17,2170.17,0.3536
2016-09-29 09:30:00,2170.135,2170.8,2169.583,2170.299,0.3722
2016-09-29 10:00:00,2170.299,2170.8,2169.112,2169.799,0.4122
2016-09-29 10:30:00,2169.799,2170.039,2167.789,2168.44,0.4735
2016-09-29 11:00:00,2168.442,2169.79,2168.04,2169.29,0.3905
2016-09-29 11:30:00,2169.29,2170.3,2168.549,2168.549,0.4576
2016-09-29 12:00:00,2168.549,2169.049,2165.049,2165.3,0.4719
2016-09-29 12:30:00,2165.3,2167.05,2164.549,2167.049,0.4506
2016-09-29 13:00:00,2167.049,2168.05,2165.549,2168.05,0.4367
2016-09-29 13:30:00,2168.3,2169.8,2166.549,2169.677,1.5749
2016-09-29 14:00:00,2169.8,2172.79,2167.134,2171.329,1.8953
2016-09-29 14:30:00,2171.323,2171.586,2166.875,2167.07,1.6422
2016-09-29 15:00:00,2167.049,2167.857,2162.624,2166.151,1.6644
2016-09-29 15:30:00,2166.146,2167.88,2165.633,2166.54,1.5185
2016-09-29 16:00:00,2166.545,2170.29,2165.837,2168.146,1.5695
2016-09-29 16:30:00,2168.113,2168.599,2151.081,2153.79,1.8308
2016-09-29 17:00:00,2153.622,2156.109,2147.919,2153.787,2.2153
2016-09-29 17:30:00,2153.789,2155.482,2144.382,2146.782,1.8395
2016-09-29 18:00:00,2146.801,2158.289,2145.119,2157.785,1.917
2016-09-29 18:30:00,2157.775,2160.658,2154.719,2155.884,1.7794
2016-09-29 19:00:00,2155.289,2156.843,2150.289,2155.525,1.8736
2016-09-29 19:30:00,2155.539,2158.29,2150.119,2150.549,1.9297
2016-09-29 20:00:00,2150.549,2151.549,2150.405,2151.549,0.0029
2016-09-30 06:00:00,2147.92,2149.134,2146.795,2147.233,1.1177
2016-09-30 06:30:00,2147.274,2149.349,2146.826,2149.036,0.9852
2016-09-30 07:00:00,2149.036,2149.17,2142.892,2146.435,2.0002
2016-09-30 07:30:00,2146.431,2149.597,2144.099,2146.968,1.7514
2016-09-30 08:00:00,2146.965,2151.136,2145.26,2150.403,1.559
2016-09-30 08:30:00,2150.411,2152.356,2147.738,2151.403,1.3961
2016-09-30 09:00:00,2151.403,2152.58,2150.299,2151.17,0.9521
2016-09-30 09:30:00,2151.169,2154.79,2150.855,2152.816,0.9964
2016-09-30 10:00:00,2152.804,2153.289,2150.936,2151.039,0.8016
2016-09-30 10:30:00,2151.014,2156.3,2150.169,2155.35,0.8749
2016-09-30 11:00:00,2155.362,2156.081,2152.879,2153.158,0.875
2016-09-30 11:30:00,2153.291,2155.29,2153.14,2154.409,0.9143
2016-09-30 12:00:00,2154.428,2157.039,2153.641,2156.71,1.0564
2016-09-30 12:30:00,2156.704,2159.219,2155.789,2157.891,1.2648
2016-09-30 13:00:00,2157.894,2160.876,2156.401,2160.395,1.4046
2016-09-30 13:30:00,2160.395,2165.29,2157.611,2159.05,1.9377
2016-09-30 14:00:00,2159.05,2163.3,2158.294,2161.587,2.0082
2016-09-30 14:30:00,2161.566,2164.29,2160.966,2164.123,1.828
2016-09-30 15:00:00,2164.132,2171.54,2164.089,2169.882,1.9191
2016-09-30 15:30:00,2170.04,2171.04,2167.143,2168.347,1.5829
2016-09-30 16:00:00,2168.338,2170.799,2167.67,2170.329,1.2399
2016-09-30 16:30:00,2170.328,2171.789,2169.124,2169.169,1.2799
2016-09-30 17:00:00,2169.122,2170.54,2167.648,2167.823,1.1363
2016-09-30 17:30:00,2167.815,2171.112,2167.391,2170.799,1.2691
2016-09-30 18:00:00,2170.801,2172.556,2170.384,2172.234,1.3371
2016-09-30 18:30:00,2172.271,2173.294,2171.825,2172.815,1.0701
2016-09-30 19:00:00,2172.814,2175.29,2172.797,2173.486,1.0624
2016-09-30 19:30:00,2173.469,2174.299,2166.72,2167.408,1.5487
2016-09-30 20:00:00,2167.299,2167.299,2167.219,2167.219,0.0007
